,loan_status,Principal,terms,past_due_days,age,education,Gender
0,1,0.41248944151848405,1.080781526286563,-0.6300301044803185,-0.6862207309507374,2,0
1,1,0.16497139059252405,1.080781526286563,-0.6300301044803185,-0.5640467190379154,2,1
2,1,-0.08254666033343595,-0.5510013711462929,-0.6300301044803185,-0.5029597130815043,0,0
3,1,-0.33006471125939596,-0.5510013711462929,-0.6300301044803185,-0.8083947428635595,0,1
4,1,-0.577582762185356,-0.5510013711462929,-0.6300301044803185,-0.8694817488199705,2,0
5,1,-0.825100813111316,-0.5510013711462929,-0.6300301044803185,-0.7473077369071485,2,1
6,1,-1.072618864037276,-1.4212855831104827,-0.6300301044803185,-0.9305687547763816,0,0
7,1,-1.320136914963236,-1.4212855831104827,-0.6300301044803185,-0.3807857011686823,2,1
8,1,-1.567654965889196,-1.4212855831104827,-0.6300301044803185,-0.6251337249943264,0,0
9,1,-1.815173016815156,-1.4212855831104827,-0.6300301044803185,-0.19752468329944922,0,1
10,0,0.41248944151848405,1.080781526286563,-0.5660500588527524,-0.7473077369071485,2,0
11,0,0.16497139059252405,1.080781526286563,-0.5020700132251863,-0.5640467190379154,2,1
12,0,-0.08254666033343595,-0.5510013711462929,-0.4380899675976202,-0.5029597130815043,0,0
13,0,-0.33006471125939596,-0.5510013711462929,-0.37410992197005405,-0.8083947428635595,0,1
14,0,-0.577582762185356,-0.5510013711462929,-0.31012987634248795,-0.8694817488199705,2,0
15,0,-0.825100813111316,-0.5510013711462929,-0.24614983071492186,-0.7473077369071485,2,1
16,0,-1.072618864037276,-1.4212855831104827,-0.18216978508735573,-0.9305687547763816,0,0
17,0,-1.320136914963236,-1.4212855831104827,-0.11818973945978963,-0.3807857011686823,2,1
18,0,-1.567654965889196,-1.4212855831104827,-0.05420969383222352,-0.6251337249943264,0,0
19,0,-1.815173016815156,-1.4212855831104827,0.009770351795342589,-0.19752468329944922,0,1
20,0,0.41248944151848405,1.080781526286563,0.009770351795342589,-0.7473077369071485,2,0
21,0,0.16497139059252405,1.080781526286563,0.009770351795342589,-0.5640467190379154,2,1
22,0,-0.08254666033343595,-0.5510013711462929,0.009770351795342589,-0.5029597130815043,0,0
23,0,-0.33006471125939596,-0.5510013711462929,0.009770351795342589,-0.8083947428635595,0,1
24,0,-0.577582762185356,-0.5510013711462929,0.009770351795342589,-0.8694817488199705,2,0
25,0,-0.825100813111316,-0.5510013711462929,0.009770351795342589,-0.7473077369071485,2,1
26,0,-1.072618864037276,-1.4212855831104827,0.009770351795342589,-0.9305687547763816,0,0
27,0,-1.320136914963236,-1.4212855831104827,0.009770351795342589,-0.3807857011686823,2,1
28,0,-1.567654965889196,-1.4212855831104827,0.009770351795342589,-0.6251337249943264,0,0
29,0,-1.815173016815156,-1.4212855831104827,0.009770351795342589,-0.19752468329944922,0,1
30,1,0.41248944151848405,1.080781526286563,-0.6300301044803185,-0.6862207309507374,2,0
31,1,0.16497139059252405,1.080781526286563,-0.6300301044803185,-0.5640467190379154,2,1
32,1,-0.08254666033343595,-0.5510013711462929,-0.6300301044803185,-0.5029597130815043,0,0
33,1,-0.33006471125939596,-0.5510013711462929,-0.6300301044803185,-0.8083947428635595,0,1
34,1,-0.577582762185356,-0.5510013711462929,-0.6300301044803185,-0.8694817488199705,2,0
35,1,-0.825100813111316,-0.5510013711462929,-0.6300301044803185,-0.7473077369071485,2,1
36,1,-1.072618864037276,-1.4212855831104827,-0.6300301044803185,-0.9305687547763816,0,0
37,1,-1.320136914963236,-1.4212855831104827,-0.6300301044803185,-0.3807857011686823,2,1
38,1,-1.567654965889196,-1.4212855831104827,-0.6300301044803185,-0.6251337249943264,0,0
39,1,-1.815173016815156,-1.4212855831104827,-0.6300301044803185,-0.19752468329944922,0,1
40,0,0.41248944151848405,1.080781526286563,0.6495708080710036,-0.7473077369071485,2,0
41,0,0.16497139059252405,1.080781526286563,0.7135508536985697,-0.5640467190379154,2,1
42,0,-0.08254666033343595,-0.5510013711462929,0.777530899326136,-0.5029597130815043,0,0
43,0,-0.33006471125939596,-0.5510013711462929,0.841510944953702,-0.8083947428635595,0,1
44,0,-0.577582762185356,-0.5510013711462929,0.9054909905812681,-0.8694817488199705,2,0
45,0,-0.825100813111316,-0.5510013711462929,0.9694710362088342,-0.7473077369071485,2,1
46,0,-1.072618864037276,-1.4212855831104827,1.0334510818364004,-0.9305687547763816,0,0
47,0,-1.320136914963236,-1.4212855831104827,1.0974311274639665,-0.3807857011686823,2,1
48,0,-1.567654965889196,-1.4212855831104827,1.1614111730915326,-0.6251337249943264,0,0
49,0,-1.815173016815156,-1.4212855831104827,1.2253912187190987,-0.19752468329944922,0,1
50,0,0.41248944151848405,1.080781526286563,0.6495708080710036,-0.7473077369071485,2,0
51,0,0.16497139059252405,1.080781526286563,0.7135508536985697,-0.5640467190379154,2,1
52,0,-0.08254666033343595,-0.5510013711462929,0.777530899326136,-0.5029597130815043,0,0
53,0,-0.33006471125939596,-0.5510013711462929,0.841510944953702,-0.8083947428635595,0,1
54,0,-0.577582762185356,-0.5510013711462929,0.9054909905812681,-0.8694817488199705,2,0
55,0,-0.825100813111316,-0.5510013711462929,0.9694710362088342,-0.7473077369071485,2,1
56,0,-1.072618864037276,-1.4212855831104827,1.0334510818364004,-0.9305687547763816,0,0
57,0,-1.320136914963236,-1.4212855831104827,1.0974311274639665,-0.3807857011686823,2,1
58,0,-1.567654965889196,-1.4212855831104827,1.1614111730915326,-0.6251337249943264,0,0
59,0,-1.815173016815156,-1.4212855831104827,1.2253912187190987,-0.19752468329944922,0,1
60,1,0.41248944151848405,1.080781526286563,-0.6300301044803185,-0.6862207309507374,2,0
61,1,0.16497139059252405,1.080781526286563,-0.6300301044803185,-0.5640467190379154,2,1
62,1,-0.08254666033343595,-0.5510013711462929,-0.6300301044803185,-0.5029597130815043,0,0
63,1,-0.33006471125939596,-0.5510013711462929,-0.6300301044803185,-0.8083947428635595,0,1
64,1,-0.577582762185356,-0.5510013711462929,-0.6300301044803185,-0.8694817488199705,2,0
65,1,-0.825100813111316,-0.5510013711462929,-0.6300301044803185,-0.7473077369071485,2,1
66,1,-1.072618864037276,-1.4212855831104827,-0.6300301044803185,-0.9305687547763816,0,0
67,1,-1.320136914963236,-1.4212855831104827,-0.6300301044803185,-0.3807857011686823,2,1
68,1,-1.567654965889196,-1.4212855831104827,-0.6300301044803185,-0.6251337249943264,0,0
69,1,-1.815173016815156,-1.4212855831104827,-0.6300301044803185,-0.19752468329944922,0,1
70,0,0.41248944151848405,1.080781526286563,0.009770351795342589,-0.7473077369071485,2,0
71,0,0.16497139059252405,1.080781526286563,0.0737503974229087,-0.5640467190379154,2,1
72,0,-0.08254666033343595,-0.5510013711462929,0.1377304430504748,-0.5029597130815043,0,0
73,0,-0.33006471125939596,-0.5510013711462929,0.20171048867804092,-0.8083947428635595,0,1
74,0,-0.577582762185356,-0.5510013711462929,0.265690534305607,-0.8694817488199705,2,0
75,0,-0.825100813111316,-0.5510013711462929,0.3296705799331731,-0.7473077369071485,2,1
76,0,-1.072618864037276,-1.4212855831104827,0.39365062556073926,-0.9305687547763816,0,0
77,0,-1.320136914963236,-1.4212855831104827,0.45763067118830536,-0.3807857011686823,2,1
78,0,-1.567654965889196,-1.4212855831104827,0.5216107168158715,-0.6251337249943264,0,0
79,0,-1.815173016815156,-1.4212855831104827,0.5855907624434376,-0.19752468329944922,0,1
80,0,0.41248944151848405,1.080781526286563,0.009770351795342589,-0.7473077369071485,2,0
81,0,0.16497139059252405,1.080781526286563,0.009770351795342589,-0.5640467190379154,2,1
82,0,-0.08254666033343595,-0.5510013711462929,0.009770351795342589,-0.5029597130815043,0,0
83,0,-0.33006471125939596,-0.5510013711462929,0.009770351795342589,-0.8083947428635595,0,1
84,0,-0.577582762185356,-0.5510013711462929,0.009770351795342589,-0.8694817488199705,2,0
85,0,-0.825100813111316,-0.5510013711462929,0.009770351795342589,-0.7473077369071485,2,1
86,0,-1.072618864037276,-1.4212855831104827,0.009770351795342589,-0.9305687547763816,0,0
87,0,-1.320136914963236,-1.4212855831104827,0.009770351795342589,-0.3807857011686823,2,1
88,0,-1.567654965889196,-1.4212855831104827,0.009770351795342589,-0.6251337249943264,0,0
89,0,-1.815173016815156,-1.4212855831104827,0.009770351795342589,-0.19752468329944922,0,1
90,1,0.41248944151848405,1.080781526286563,-0.6300301044803185,-0.6862207309507374,2,0
91,1,0.16497139059252405,1.080781526286563,-0.6300301044803185,-0.5640467190379154,2,1
92,1,-0.08254666033343595,-0.5510013711462929,-0.6300301044803185,-0.5029597130815043,0,0
93,1,-0.33006471125939596,-0.5510013711462929,-0.6300301044803185,-0.8083947428635595,0,1
94,1,-0.577582762185356,-0.5510013711462929,-0.6300301044803185,-0.8694817488199705,2,0
95,1,-0.825100813111316,-0.5510013711462929,-0.6300301044803185,-0.7473077369071485,2,1
96,1,-1.072618864037276,-1.4212855831104827,-0.6300301044803185,-0.9305687547763816,0,0
97,1,-1.320136914963236,-1.4212855831104827,-0.6300301044803185,-0.3807857011686823,2,1
98,1,-1.567654965889196,-1.4212855831104827,-0.6300301044803185,-0.6251337249943264,0,0
99,1,-1.815173016815156,-1.4212855831104827,-0.6300301044803185,-0.19752468329944922,0,1
100,1,0.41248944151848405,1.080781526286563,-0.6300301044803185,-0.6251337249943264,2,0
101,1,0.16497139059252405,1.080781526286563,-0.6300301044803185,-0.7473077369071485,2,1
102,1,-0.08254666033343595,-0.5510013711462929,-0.6300301044803185,-0.8694817488199705,0,0
103,1,-0.33006471125939596,-0.5510013711462929,-0.6300301044803185,-0.5029597130815043,0,1
104,1,-0.577582762185356,-0.5510013711462929,-0.6300301044803185,-0.5640467190379154,2,0
105,1,-0.825100813111316,-0.5510013711462929,-0.6300301044803185,-0.4418727071250933,2,1
106,1,-1.072618864037276,-1.4212855831104827,-0.6300301044803185,-0.6862207309507374,0,0
107,1,-1.320136914963236,-1.4212855831104827,-0.6300301044803185,-0.8083947428635595,2,1
108,1,-1.567654965889196,-1.4212855831104827,-0.6300301044803185,-0.9305687547763816,0,0
109,1,-1.815173016815156,-1.4212855831104827,-0.6300301044803185,-0.3807857011686823,2,1
110,0,0.41248944151848405,1.080781526286563,-0.31012987634248795,-0.7473077369071485,2,0
111,0,0.16497139059252405,1.080781526286563,-0.24614983071492186,-0.8694817488199705,2,1
112,0,-0.08254666033343595,-0.5510013711462929,-0.18216978508735573,-0.6251337249943264,0,0
113,0,-0.33006471125939596,-0.5510013711462929,-0.11818973945978963,-0.5029597130815043,0,1
114,0,-0.577582762185356,-0.5510013711462929,-0.05420969383222352,-0.5640467190379154,2,0
115,0,-0.825100813111316,-0.5510013711462929,0.009770351795342589,-0.4418727071250933,2,1
116,0,-1.072618864037276,-1.4212855831104827,0.0737503974229087,-0.6862207309507374,0,0
117,0,-1.320136914963236,-1.4212855831104827,0.1377304430504748,-0.8083947428635595,2,1
118,0,-1.567654965889196,-1.4212855831104827,0.20171048867804092,-0.9305687547763816,0,0
119,0,-1.815173016815156,-1.4212855831104827,0.265690534305607,-0.3807857011686823,2,1
120,1,0.41248944151848405,1.080781526286563,-0.37410992197005405,-0.7473077369071485,2,0
121,1,0.16497139059252405,1.080781526286563,-0.37410992197005405,-0.8694817488199705,2,1
122,0,-0.08254666033343595,-0.5510013711462929,-0.37410992197005405,-0.6251337249943264,0,0
123,0,-0.33006471125939596,-0.5510013711462929,-0.37410992197005405,-0.5029597130815043,0,1
124,1,-0.577582762185356,-0.5510013711462929,-0.37410992197005405,-0.5640467190379154,2,0
125,1,-0.825100813111316,-0.5510013711462929,-0.37410992197005405,-0.4418727071250933,2,1
126,0,-1.072618864037276,-1.4212855831104827,-0.37410992197005405,-0.6862207309507374,0,0
127,1,-1.320136914963236,-1.4212855831104827,-0.37410992197005405,-0.8083947428635595,2,1
128,0,-1.567654965889196,-1.4212855831104827,-0.37410992197005405,-0.9305687547763816,0,0
129,1,-1.815173016815156,-1.4212855831104827,-0.37410992197005405,-0.3807857011686823,2,1
130,1,0.41248944151848405,1.080781526286563,-0.6300301044803185,-0.6251337249943264,2,0
131,1,0.16497139059252405,1.080781526286563,-0.6300301044803185,-0.7473077369071485,2,1
132,1,-0.08254666033343595,-0.5510013711462929,-0.6300301044803185,-0.8694817488199705,0,0
133,1,-0.33006471125939596,-0.5510013711462929,-0.6300301044803185,-0.5029597130815043,0,1
134,1,-0.577582762185356,-0.5510013711462929,-0.6300301044803185,-0.5640467190379154,2,0
135,1,-0.825100813111316,-0.5510013711462929,-0.6300301044803185,-0.4418727071250933,2,1
136,1,-1.072618864037276,-1.4212855831104827,-0.6300301044803185,-0.6862207309507374,0,0
137,1,-1.320136914963236,-1.4212855831104827,-0.6300301044803185,-0.8083947428635595,2,1
138,1,-1.567654965889196,-1.4212855831104827,-0.6300301044803185,-0.9305687547763816,0,0
139,1,-1.815173016815156,-1.4212855831104827,-0.6300301044803185,-0.3807857011686823,2,1
140,0,0.41248944151848405,1.080781526286563,0.265690534305607,-0.7473077369071485,2,0
141,0,0.16497139059252405,1.080781526286563,0.3296705799331731,-0.8694817488199705,2,1
142,0,-0.08254666033343595,-0.5510013711462929,0.39365062556073926,-0.6251337249943264,0,0
143,0,-0.33006471125939596,-0.5510013711462929,0.45763067118830536,-0.5029597130815043,0,1
144,0,-0.577582762185356,-0.5510013711462929,0.5216107168158715,-0.5640467190379154,2,0
145,0,-0.825100813111316,-0.5510013711462929,0.5855907624434376,-0.4418727071250933,2,1
146,0,-1.072618864037276,-1.4212855831104827,0.6495708080710036,-0.6862207309507374,0,0
147,0,-1.320136914963236,-1.4212855831104827,0.7135508536985697,-0.8083947428635595,2,1
148,0,-1.567654965889196,-1.4212855831104827,0.777530899326136,-0.9305687547763816,0,0
149,0,-1.815173016815156,-1.4212855831104827,0.841510944953702,-0.3807857011686823,2,1
150,1,0.41248944151848405,1.080781526286563,-0.4380899675976202,-0.7473077369071485,2,0
151,1,0.16497139059252405,1.080781526286563,-0.4380899675976202,-0.8694817488199705,2,1
152,0,-0.08254666033343595,-0.5510013711462929,-0.4380899675976202,-0.6251337249943264,0,0
153,0,-0.33006471125939596,-0.5510013711462929,-0.4380899675976202,-0.5029597130815043,0,1
154,1,-0.577582762185356,-0.5510013711462929,-0.4380899675976202,-0.5640467190379154,2,0
155,1,-0.825100813111316,-0.5510013711462929,-0.4380899675976202,-0.4418727071250933,2,1
156,0,-1.072618864037276,-1.4212855831104827,-0.4380899675976202,-0.6862207309507374,0,0
157,1,-1.320136914963236,-1.4212855831104827,-0.4380899675976202,-0.8083947428635595,2,1
158,0,-1.567654965889196,-1.4212855831104827,-0.4380899675976202,-0.9305687547763816,0,0
159,1,-1.815173016815156,-1.4212855831104827,-0.4380899675976202,-0.3807857011686823,2,1
160,1,0.41248944151848405,1.080781526286563,-0.6300301044803185,-0.6251337249943264,2,0
161,1,0.16497139059252405,1.080781526286563,-0.6300301044803185,-0.7473077369071485,2,1
162,1,-0.08254666033343595,-0.5510013711462929,-0.6300301044803185,-0.8694817488199705,0,0
163,1,-0.33006471125939596,-0.5510013711462929,-0.6300301044803185,-0.5029597130815043,0,1
164,1,-0.577582762185356,-0.5510013711462929,-0.6300301044803185,-0.5640467190379154,2,0
165,1,-0.825100813111316,-0.5510013711462929,-0.6300301044803185,-0.4418727071250933,2,1
166,1,-1.072618864037276,-1.4212855831104827,-0.6300301044803185,-0.6862207309507374,0,0
167,1,-1.320136914963236,-1.4212855831104827,-0.6300301044803185,-0.8083947428635595,2,1
168,1,-1.567654965889196,-1.4212855831104827,-0.6300301044803185,-0.9305687547763816,0,0
169,1,-1.815173016815156,-1.4212855831104827,-0.6300301044803185,-0.3807857011686823,2,1
170,1,0.41248944151848405,1.080781526286563,-0.6300301044803185,-0.6251337249943264,2,0
171,1,0.16497139059252405,1.080781526286563,-0.6300301044803185,-0.7473077369071485,2,1
172,1,-0.08254666033343595,-0.5510013711462929,-0.6300301044803185,-0.8694817488199705,0,0
173,1,-0.33006471125939596,-0.5510013711462929,-0.6300301044803185,-0.5029597130815043,0,1
174,1,-0.577582762185356,-0.5510013711462929,-0.6300301044803185,-0.5640467190379154,2,0
175,1,-0.825100813111316,-0.5510013711462929,-0.6300301044803185,-0.4418727071250933,2,1
176,1,-1.072618864037276,-1.4212855831104827,-0.6300301044803185,-0.6862207309507374,0,0
177,1,-1.320136914963236,-1.4212855831104827,-0.6300301044803185,-0.8083947428635595,2,1
178,1,-1.567654965889196,-1.4212855831104827,-0.6300301044803185,-0.9305687547763816,0,0
179,1,-1.815173016815156,-1.4212855831104827,-0.6300301044803185,-0.3807857011686823,2,1
180,0,0.41248944151848405,1.080781526286563,0.20171048867804092,-0.7473077369071485,2,0
181,0,0.16497139059252405,1.080781526286563,0.265690534305607,-0.8694817488199705,2,1
182,0,-0.08254666033343595,-0.5510013711462929,0.3296705799331731,-0.6251337249943264,0,0
183,0,-0.33006471125939596,-0.5510013711462929,0.39365062556073926,-0.5029597130815043,0,1
184,0,-0.577582762185356,-0.5510013711462929,0.45763067118830536,-0.5640467190379154,2,0
185,0,-0.825100813111316,-0.5510013711462929,0.5216107168158715,-0.4418727071250933,2,1
186,0,-1.072618864037276,-1.4212855831104827,0.5855907624434376,-0.6862207309507374,0,0
187,0,-1.320136914963236,-1.4212855831104827,0.6495708080710036,-0.8083947428635595,2,1
188,0,-1.567654965889196,-1.4212855831104827,0.7135508536985697,-0.9305687547763816,0,0
189,0,-1.815173016815156,-1.4212855831104827,0.777530899326136,-0.3807857011686823,2,1
190,0,0.41248944151848405,1.080781526286563,-0.31012987634248795,-0.7473077369071485,2,0
191,0,0.16497139059252405,1.080781526286563,-0.31012987634248795,-0.8694817488199705,2,1
192,0,-0.08254666033343595,-0.5510013711462929,-0.31012987634248795,-0.6251337249943264,0,0
193,0,-0.33006471125939596,-0.5510013711462929,-0.31012987634248795,-0.5029597130815043,0,1
194,0,-0.577582762185356,-0.5510013711462929,-0.31012987634248795,-0.5640467190379154,2,0
195,0,-0.825100813111316,-0.5510013711462929,-0.31012987634248795,-0.4418727071250933,2,1
196,0,-1.072618864037276,-1.4212855831104827,-0.31012987634248795,-0.6862207309507374,0,0
197,0,-1.320136914963236,-1.4212855831104827,-0.31012987634248795,-0.8083947428635595,2,1
198,0,-1.567654965889196,-1.4212855831104827,-0.31012987634248795,-0.9305687547763816,0,0
199,0,-1.815173016815156,-1.4212855831104827,-0.31012987634248795,-0.3807857011686823,2,1
200,1,0.41248944151848405,1.080781526286563,-0.6300301044803185,-0.6251337249943264,2,0
201,1,0.16497139059252405,1.080781526286563,-0.6300301044803185,-0.7473077369071485,2,1
202,1,-0.08254666033343595,-0.5510013711462929,-0.6300301044803185,-0.8694817488199705,0,0
203,1,-0.33006471125939596,-0.5510013711462929,-0.6300301044803185,-0.5029597130815043,0,1
204,1,-0.577582762185356,-0.5510013711462929,-0.6300301044803185,-0.5640467190379154,2,0
205,1,-0.825100813111316,-0.5510013711462929,-0.6300301044803185,-0.4418727071250933,2,1
206,1,-1.072618864037276,-1.4212855831104827,-0.6300301044803185,-0.6862207309507374,0,0
207,1,-1.320136914963236,-1.4212855831104827,-0.6300301044803185,-0.8083947428635595,2,1
208,1,-1.567654965889196,-1.4212855831104827,-0.6300301044803185,-0.9305687547763816,0,0
209,1,-1.815173016815156,-1.4212855831104827,-0.6300301044803185,-0.3807857011686823,2,1
210,1,0.41248944151848405,1.080781526286563,-0.6300301044803185,-0.6251337249943264,2,0
211,1,0.16497139059252405,1.080781526286563,-0.6300301044803185,-0.7473077369071485,2,1
212,1,-0.08254666033343595,-0.5510013711462929,-0.6300301044803185,-0.8694817488199705,0,0
213,1,-0.33006471125939596,-0.5510013711462929,-0.6300301044803185,-0.5029597130815043,0,1
214,1,-0.577582762185356,-0.5510013711462929,-0.6300301044803185,-0.5640467190379154,2,0
215,1,-0.825100813111316,-0.5510013711462929,-0.6300301044803185,-0.4418727071250933,2,1
216,1,-1.072618864037276,-1.4212855831104827,-0.6300301044803185,-0.6862207309507374,0,0
217,1,-1.320136914963236,-1.4212855831104827,-0.6300301044803185,-0.8083947428635595,2,1
218,1,-1.567654965889196,-1.4212855831104827,-0.6300301044803185,-0.9305687547763816,0,0
219,1,-1.815173016815156,-1.4212855831104827,-0.6300301044803185,-0.3807857011686823,2,1
220,0,0.41248944151848405,1.080781526286563,0.45763067118830536,-0.7473077369071485,2,0
221,0,0.16497139059252405,1.080781526286563,0.5216107168158715,-0.8694817488199705,2,1
222,0,-0.08254666033343595,-0.5510013711462929,0.5855907624434376,-0.6251337249943264,0,0
223,0,-0.33006471125939596,-0.5510013711462929,0.6495708080710036,-0.5029597130815043,0,1
224,0,-0.577582762185356,-0.5510013711462929,0.7135508536985697,-0.5640467190379154,2,0
225,0,-0.825100813111316,-0.5510013711462929,0.777530899326136,-0.4418727071250933,2,1
226,0,-1.072618864037276,-1.4212855831104827,0.841510944953702,-0.6862207309507374,0,0
227,0,-1.320136914963236,-1.4212855831104827,0.9054909905812681,-0.8083947428635595,2,1
228,0,-1.567654965889196,-1.4212855831104827,0.9694710362088342,-0.9305687547763816,0,0
229,0,-1.815173016815156,-1.4212855831104827,1.0334510818364004,-0.3807857011686823,2,1
230,0,0.41248944151848405,1.080781526286563,-0.31012987634248795,-0.7473077369071485,2,0
231,0,0.16497139059252405,1.080781526286563,-0.31012987634248795,-0.8694817488199705,2,1
232,0,-0.08254666033343595,-0.5510013711462929,-0.31012987634248795,-0.6251337249943264,0,0
233,0,-0.33006471125939596,-0.5510013711462929,-0.31012987634248795,-0.5029597130815043,0,1
234,0,-0.577582762185356,-0.5510013711462929,-0.31012987634248795,-0.5640467190379154,2,0
235,0,-0.825100813111316,-0.5510013711462929,-0.31012987634248795,-0.4418727071250933,2,1
236,0,-1.072618864037276,-1.4212855831104827,-0.31012987634248795,-0.6862207309507374,0,0
237,0,-1.320136914963236,-1.4212855831104827,-0.31012987634248795,-0.8083947428635595,2,1
238,0,-1.567654965889196,-1.4212855831104827,-0.31012987634248795,-0.9305687547763816,0,0
239,0,-1.815173016815156,-1.4212855831104827,-0.31012987634248795,-0.3807857011686823,2,1
240,1,0.41248944151848405,1.080781526286563,-0.6300301044803185,-0.6251337249943264,2,0
241,1,0.16497139059252405,1.080781526286563,-0.6300301044803185,-0.7473077369071485,2,1
242,1,-0.08254666033343595,-0.5510013711462929,-0.6300301044803185,-0.8694817488199705,0,0
243,1,-0.33006471125939596,-0.5510013711462929,-0.6300301044803185,-0.5029597130815043,0,1
244,1,-0.577582762185356,-0.5510013711462929,-0.6300301044803185,-0.5640467190379154,2,0
245,1,-0.825100813111316,-0.5510013711462929,-0.6300301044803185,-0.4418727071250933,2,1
246,1,-1.072618864037276,-1.4212855831104827,-0.6300301044803185,-0.6862207309507374,0,0
247,1,-1.320136914963236,-1.4212855831104827,-0.6300301044803185,-0.8083947428635595,2,1
248,1,-1.567654965889196,-1.4212855831104827,-0.6300301044803185,-0.9305687547763816,0,0
249,1,-1.815173016815156,-1.4212855831104827,-0.6300301044803185,-0.3807857011686823,2,1
250,1,0.41248944151848405,1.080781526286563,-0.6300301044803185,-0.6251337249943264,2,0
251,1,0.16497139059252405,1.080781526286563,-0.6300301044803185,-0.7473077369071485,2,1
252,1,-0.08254666033343595,-0.5510013711462929,-0.6300301044803185,-0.8694817488199705,0,0
253,1,-0.33006471125939596,-0.5510013711462929,-0.6300301044803185,-0.5029597130815043,0,1
254,1,-0.577582762185356,-0.5510013711462929,-0.6300301044803185,-0.5640467190379154,2,0
255,1,-0.825100813111316,-0.5510013711462929,-0.6300301044803185,-0.4418727071250933,2,1
256,1,-1.072618864037276,-1.4212855831104827,-0.6300301044803185,-0.6862207309507374,0,0
257,1,-1.320136914963236,-1.4212855831104827,-0.6300301044803185,-0.8083947428635595,2,1
258,1,-1.567654965889196,-1.4212855831104827,-0.6300301044803185,-0.9305687547763816,0,0
259,1,-1.815173016815156,-1.4212855831104827,-0.6300301044803185,-0.3807857011686823,2,1
260,0,0.41248944151848405,1.080781526286563,0.45763067118830536,-0.7473077369071485,2,0
261,0,0.16497139059252405,1.080781526286563,0.5216107168158715,-0.8694817488199705,2,1
262,0,-0.08254666033343595,-0.5510013711462929,0.5855907624434376,-0.6251337249943264,0,0
263,0,-0.33006471125939596,-0.5510013711462929,0.6495708080710036,-0.5029597130815043,0,1
264,0,-0.577582762185356,-0.5510013711462929,0.7135508536985697,-0.5640467190379154,2,0
265,0,-0.825100813111316,-0.5510013711462929,0.777530899326136,-0.4418727071250933,2,1
266,0,-1.072618864037276,-1.4212855831104827,0.841510944953702,-0.6862207309507374,0,0
267,0,-1.320136914963236,-1.4212855831104827,0.9054909905812681,-0.8083947428635595,2,1
268,0,-1.567654965889196,-1.4212855831104827,0.9694710362088342,-0.9305687547763816,0,0
269,0,-1.815173016815156,-1.4212855831104827,1.0334510818364004,-0.3807857011686823,2,1
270,0,0.41248944151848405,1.080781526286563,-0.31012987634248795,-0.7473077369071485,2,0
271,0,0.16497139059252405,1.080781526286563,-0.31012987634248795,-0.8694817488199705,2,1
272,0,-0.08254666033343595,-0.5510013711462929,-0.31012987634248795,-0.6251337249943264,0,0
273,0,-0.33006471125939596,-0.5510013711462929,-0.31012987634248795,-0.5029597130815043,0,1
274,0,-0.577582762185356,-0.5510013711462929,-0.31012987634248795,-0.5640467190379154,2,0
275,0,-0.825100813111316,-0.5510013711462929,-0.31012987634248795,-0.4418727071250933,2,1
276,0,-1.072618864037276,-1.4212855831104827,-0.31012987634248795,-0.6862207309507374,0,0
277,0,-1.320136914963236,-1.4212855831104827,-0.31012987634248795,-0.8083947428635595,2,1
278,0,-1.567654965889196,-1.4212855831104827,-0.31012987634248795,-0.9305687547763816,0,0
279,0,-1.815173016815156,-1.4212855831104827,-0.31012987634248795,-0.3807857011686823,2,1
280,1,0.41248944151848405,1.080781526286563,-0.6300301044803185,-0.6251337249943264,2,0
281,1,0.16497139059252405,1.080781526286563,-0.6300301044803185,-0.7473077369071485,2,1
282,1,-0.08254666033343595,-0.5510013711462929,-0.6300301044803185,-0.8694817488199705,0,0
283,1,-0.33006471125939596,-0.5510013711462929,-0.6300301044803185,-0.5029597130815043,0,1
284,1,-0.577582762185356,-0.5510013711462929,-0.6300301044803185,-0.5640467190379154,2,0
285,1,-0.825100813111316,-0.5510013711462929,-0.6300301044803185,-0.4418727071250933,2,1
286,1,-1.072618864037276,-1.4212855831104827,-0.6300301044803185,-0.6862207309507374,0,0
287,1,-1.320136914963236,-1.4212855831104827,-0.6300301044803185,-0.8083947428635595,2,1
288,1,-1.567654965889196,-1.4212855831104827,-0.6300301044803185,-0.9305687547763816,0,0
289,1,-1.815173016815156,-1.4212855831104827,-0.6300301044803185,-0.3807857011686823,2,1
290,1,0.41248944151848405,1.080781526286563,-0.6300301044803185,-0.6251337249943264,2,0
291,1,0.16497139059252405,1.080781526286563,-0.6300301044803185,-0.7473077369071485,2,1
292,1,-0.08254666033343595,-0.5510013711462929,-0.6300301044803185,-0.8694817488199705,0,0
293,1,-0.33006471125939596,-0.5510013711462929,-0.6300301044803185,-0.5029597130815043,0,1
294,1,-0.577582762185356,-0.5510013711462929,-0.6300301044803185,-0.5640467190379154,2,0
295,1,-0.825100813111316,-0.5510013711462929,-0.6300301044803185,-0.4418727071250933,2,1
296,1,-1.072618864037276,-1.4212855831104827,-0.6300301044803185,-0.6862207309507374,0,0
297,1,-1.320136914963236,-1.4212855831104827,-0.6300301044803185,-0.8083947428635595,2,1
298,1,-1.567654965889196,-1.4212855831104827,-0.6300301044803185,-0.9305687547763816,0,0
299,1,-1.815173016815156,-1.4212855831104827,-0.6300301044803185,-0.3807857011686823,2,1
300,0,0.41248944151848405,1.080781526286563,1.7372315837396275,-0.7473077369071485,2,0
301,0,0.16497139059252405,1.080781526286563,1.8012116293671936,-0.8694817488199705,2,1
302,0,-0.08254666033343595,-0.5510013711462929,1.8651916749947597,-0.6251337249943264,0,0
303,0,-0.33006471125939596,-0.5510013711462929,1.9291717206223258,-0.5029597130815043,0,1
304,0,-0.577582762185356,-0.5510013711462929,1.9931517662498919,-0.5640467190379154,2,0
305,0,-0.825100813111316,-0.5510013711462929,2.0571318118774577,-0.4418727071250933,2,1
306,0,-1.072618864037276,-1.4212855831104827,2.121111857505024,-0.6862207309507374,0,0
307,0,-1.320136914963236,-1.4212855831104827,2.18509190313259,-0.8083947428635595,2,1
308,0,-1.567654965889196,-1.4212855831104827,2.249071948760156,-0.9305687547763816,0,0
309,0,-1.815173016815156,-1.4212855831104827,2.313051994387722,-0.3807857011686823,2,1
310,0,0.41248944151848405,1.080781526286563,-0.31012987634248795,-0.7473077369071485,2,0
311,0,0.16497139059252405,1.080781526286563,-0.31012987634248795,-0.8694817488199705,2,1
312,0,-0.08254666033343595,-0.5510013711462929,-0.31012987634248795,-0.6251337249943264,0,0
313,0,-0.33006471125939596,-0.5510013711462929,-0.31012987634248795,-0.5029597130815043,0,1
314,0,-0.577582762185356,-0.5510013711462929,-0.31012987634248795,-0.5640467190379154,2,0
315,0,-0.825100813111316,-0.5510013711462929,-0.31012987634248795,-0.4418727071250933,2,1
316,0,-1.072618864037276,-1.4212855831104827,-0.31012987634248795,-0.6862207309507374,0,0
317,0,-1.320136914963236,-1.4212855831104827,-0.31012987634248795,-0.8083947428635595,2,1
318,0,-1.567654965889196,-1.4212855831104827,-0.31012987634248795,-0.9305687547763816,0,0
319,0,-1.815173016815156,-1.4212855831104827,-0.31012987634248795,-0.3807857011686823,2,1
320,1,0.41248944151848405,1.080781526286563,-0.6300301044803185,-0.6251337249943264,2,0
321,1,0.16497139059252405,1.080781526286563,-0.6300301044803185,-0.7473077369071485,2,1
322,1,-0.08254666033343595,-0.5510013711462929,-0.6300301044803185,-0.8694817488199705,0,0
323,1,-0.33006471125939596,-0.5510013711462929,-0.6300301044803185,-0.5029597130815043,0,1
324,1,-0.577582762185356,-0.5510013711462929,-0.6300301044803185,-0.5640467190379154,2,0
325,1,-0.825100813111316,-0.5510013711462929,-0.6300301044803185,-0.4418727071250933,2,1
326,1,-1.072618864037276,-1.4212855831104827,-0.6300301044803185,-0.6862207309507374,0,0
327,1,-1.320136914963236,-1.4212855831104827,-0.6300301044803185,-0.8083947428635595,2,1
328,1,-1.567654965889196,-1.4212855831104827,-0.6300301044803185,-0.9305687547763816,0,0
329,1,-1.815173016815156,-1.4212855831104827,-0.6300301044803185,-0.3807857011686823,2,1
330,1,0.41248944151848405,1.080781526286563,-0.6300301044803185,-0.6251337249943264,2,0
331,1,0.16497139059252405,1.080781526286563,-0.6300301044803185,-0.7473077369071485,2,1
332,1,-0.08254666033343595,-0.5510013711462929,-0.6300301044803185,-0.8694817488199705,0,0
333,1,-0.33006471125939596,-0.5510013711462929,-0.6300301044803185,-0.5029597130815043,0,1
334,1,-0.577582762185356,-0.5510013711462929,-0.6300301044803185,-0.5640467190379154,2,0
335,1,-0.825100813111316,-0.5510013711462929,-0.6300301044803185,-0.4418727071250933,2,1
336,1,-1.072618864037276,-1.4212855831104827,-0.6300301044803185,-0.6862207309507374,0,0
337,1,-1.320136914963236,-1.4212855831104827,-0.6300301044803185,-0.8083947428635595,2,1
338,1,-1.567654965889196,-1.4212855831104827,-0.6300301044803185,-0.9305687547763816,0,0
339,1,-1.815173016815156,-1.4212855831104827,-0.6300301044803185,-0.3807857011686823,2,1
340,0,0.41248944151848405,1.080781526286563,1.7372315837396275,-0.7473077369071485,2,0
341,0,0.16497139059252405,1.080781526286563,1.8012116293671936,-0.8694817488199705,2,1
342,0,-0.08254666033343595,-0.5510013711462929,1.8651916749947597,-0.6251337249943264,0,0
343,0,-0.33006471125939596,-0.5510013711462929,1.9291717206223258,-0.5029597130815043,0,1
344,0,-0.577582762185356,-0.5510013711462929,1.9931517662498919,-0.5640467190379154,2,0
345,0,-0.825100813111316,-0.5510013711462929,2.0571318118774577,-0.4418727071250933,2,1
346,0,-1.072618864037276,-1.4212855831104827,2.121111857505024,-0.6862207309507374,0,0
347,0,-1.320136914963236,-1.4212855831104827,2.18509190313259,-0.8083947428635595,2,1
348,0,-1.567654965889196,-1.4212855831104827,2.249071948760156,-0.9305687547763816,0,0
349,0,-1.815173016815156,-1.4212855831104827,2.313051994387722,-0.3807857011686823,2,1
350,0,0.41248944151848405,1.080781526286563,-0.31012987634248795,-0.7473077369071485,2,0
351,0,0.16497139059252405,1.080781526286563,-0.31012987634248795,-0.8694817488199705,2,1
352,0,-0.08254666033343595,-0.5510013711462929,-0.31012987634248795,-0.6251337249943264,0,0
353,0,-0.33006471125939596,-0.5510013711462929,-0.31012987634248795,-0.5029597130815043,0,1
354,0,-0.577582762185356,-0.5510013711462929,-0.31012987634248795,-0.5640467190379154,2,0
355,0,-0.825100813111316,-0.5510013711462929,-0.31012987634248795,-0.4418727071250933,2,1
356,0,-1.072618864037276,-1.4212855831104827,-0.31012987634248795,-0.6862207309507374,0,0
357,0,-1.320136914963236,-1.4212855831104827,-0.31012987634248795,-0.8083947428635595,2,1
358,0,-1.567654965889196,-1.4212855831104827,-0.31012987634248795,-0.9305687547763816,0,0
359,0,-1.815173016815156,-1.4212855831104827,-0.31012987634248795,-0.3807857011686823,2,1
360,1,0.41248944151848405,1.080781526286563,-0.6300301044803185,-0.6251337249943264,2,0
361,1,0.16497139059252405,1.080781526286563,-0.6300301044803185,-0.7473077369071485,2,1
362,1,-0.08254666033343595,-0.5510013711462929,-0.6300301044803185,-0.8694817488199705,0,0
363,1,-0.33006471125939596,-0.5510013711462929,-0.6300301044803185,-0.5029597130815043,0,1
364,1,-0.577582762185356,-0.5510013711462929,-0.6300301044803185,-0.5640467190379154,2,0
365,1,-0.825100813111316,-0.5510013711462929,-0.6300301044803185,-0.4418727071250933,2,1
366,1,-1.072618864037276,-1.4212855831104827,-0.6300301044803185,-0.6862207309507374,0,0
367,1,-1.320136914963236,-1.4212855831104827,-0.6300301044803185,-0.8083947428635595,2,1
368,1,-1.567654965889196,-1.4212855831104827,-0.6300301044803185,-0.9305687547763816,0,0
369,1,-1.815173016815156,-1.4212855831104827,-0.6300301044803185,-0.3807857011686823,2,1
370,0,0.41248944151848405,1.080781526286563,1.7372315837396275,-0.7473077369071485,2,0
371,0,0.16497139059252405,1.080781526286563,1.8012116293671936,-0.8694817488199705,2,1
372,0,-0.08254666033343595,-0.5510013711462929,1.8651916749947597,-0.6251337249943264,0,0
373,0,-0.33006471125939596,-0.5510013711462929,1.9291717206223258,-0.5029597130815043,0,1
374,0,-0.577582762185356,-0.5510013711462929,1.9931517662498919,-0.5640467190379154,2,0
375,0,-0.825100813111316,-0.5510013711462929,2.0571318118774577,-0.4418727071250933,2,1
376,0,-1.072618864037276,-1.4212855831104827,2.121111857505024,-0.6862207309507374,0,0
377,0,-1.320136914963236,-1.4212855831104827,2.18509190313259,-0.8083947428635595,2,1
378,0,-1.567654965889196,-1.4212855831104827,2.249071948760156,-0.9305687547763816,0,0
379,0,-1.815173016815156,-1.4212855831104827,2.313051994387722,-0.3807857011686823,2,1
380,0,0.41248944151848405,1.080781526286563,-0.31012987634248795,-0.7473077369071485,2,0
381,0,0.16497139059252405,1.080781526286563,-0.31012987634248795,-0.8694817488199705,2,1
382,0,-0.08254666033343595,-0.5510013711462929,-0.31012987634248795,-0.6251337249943264,0,0
383,0,-0.33006471125939596,-0.5510013711462929,-0.31012987634248795,-0.5029597130815043,0,1
384,0,-0.577582762185356,-0.5510013711462929,-0.31012987634248795,-0.5640467190379154,2,0
385,0,-0.825100813111316,-0.5510013711462929,-0.31012987634248795,-0.4418727071250933,2,1
386,0,-1.072618864037276,-1.4212855831104827,-0.31012987634248795,-0.6862207309507374,0,0
387,0,-1.320136914963236,-1.4212855831104827,-0.31012987634248795,-0.8083947428635595,2,1
388,0,-1.567654965889196,-1.4212855831104827,-0.31012987634248795,-0.9305687547763816,0,0
389,0,-1.815173016815156,-1.4212855831104827,-0.31012987634248795,-0.3807857011686823,2,1
390,1,0.41248944151848405,1.080781526286563,-0.6300301044803185,-0.6251337249943264,2,0
391,1,0.16497139059252405,1.080781526286563,-0.6300301044803185,-0.7473077369071485,2,1
392,1,-0.08254666033343595,-0.5510013711462929,-0.6300301044803185,-0.8694817488199705,0,0
393,1,-0.33006471125939596,-0.5510013711462929,-0.6300301044803185,-0.5029597130815043,0,1
394,1,-0.577582762185356,-0.5510013711462929,-0.6300301044803185,-0.5640467190379154,2,0
395,1,-0.825100813111316,-0.5510013711462929,-0.6300301044803185,-0.4418727071250933,2,1
396,1,-1.072618864037276,-1.4212855831104827,-0.6300301044803185,-0.6862207309507374,0,0
397,1,-1.320136914963236,-1.4212855831104827,-0.6300301044803185,-0.8083947428635595,2,1
398,1,-1.567654965889196,-1.4212855831104827,-0.6300301044803185,-0.9305687547763816,0,0
399,1,-1.815173016815156,-1.4212855831104827,-0.6300301044803185,-0.3807857011686823,2,1
400,0,0.41248944151848405,1.080781526286563,1.7372315837396275,-0.7473077369071485,2,0
401,0,0.16497139059252405,1.080781526286563,1.8012116293671936,-0.8694817488199705,2,1
402,0,-0.08254666033343595,-0.5510013711462929,1.8651916749947597,-0.6251337249943264,0,0
403,0,-0.33006471125939596,-0.5510013711462929,1.9291717206223258,-0.5029597130815043,0,1
404,0,-0.577582762185356,-0.5510013711462929,1.9931517662498919,-0.5640467190379154,2,0
405,0,-0.825100813111316,-0.5510013711462929,2.0571318118774577,-0.4418727071250933,2,1
406,0,-1.072618864037276,-1.4212855831104827,2.121111857505024,-0.6862207309507374,0,0
407,0,-1.320136914963236,-1.4212855831104827,2.18509190313259,-0.8083947428635595,2,1
408,0,-1.567654965889196,-1.4212855831104827,2.249071948760156,-0.9305687547763816,0,0
409,0,-1.815173016815156,-1.4212855831104827,2.313051994387722,-0.3807857011686823,2,1
410,0,0.41248944151848405,1.080781526286563,-0.31012987634248795,-0.7473077369071485,2,0
411,0,0.16497139059252405,1.080781526286563,-0.31012987634248795,-0.8694817488199705,2,1
412,0,-0.08254666033343595,-0.5510013711462929,-0.31012987634248795,-0.6251337249943264,0,0
413,0,-0.33006471125939596,-0.5510013711462929,-0.31012987634248795,-0.5029597130815043,0,1
414,0,-0.577582762185356,-0.5510013711462929,-0.31012987634248795,-0.5640467190379154,2,0
415,0,-0.825100813111316,-0.5510013711462929,-0.31012987634248795,-0.4418727071250933,2,1
416,0,-1.072618864037276,-1.4212855831104827,-0.31012987634248795,-0.6862207309507374,0,0
417,0,-1.320136914963236,-1.4212855831104827,-0.31012987634248795,-0.8083947428635595,2,1
418,0,-1.567654965889196,-1.4212855831104827,-0.31012987634248795,-0.9305687547763816,0,0
419,0,-1.815173016815156,-1.4212855831104827,-0.31012987634248795,-0.3807857011686823,2,1
420,1,0.41248944151848405,1.080781526286563,-0.6300301044803185,-0.6251337249943264,2,0
421,1,0.16497139059252405,1.080781526286563,-0.6300301044803185,-0.7473077369071485,2,1
422,1,-0.08254666033343595,-0.5510013711462929,-0.6300301044803185,-0.8694817488199705,0,0
423,1,-0.33006471125939596,-0.5510013711462929,-0.6300301044803185,-0.5029597130815043,0,1
424,1,-0.577582762185356,-0.5510013711462929,-0.6300301044803185,-0.5640467190379154,2,0
425,1,-0.825100813111316,-0.5510013711462929,-0.6300301044803185,-0.4418727071250933,2,1
426,1,-1.072618864037276,-1.4212855831104827,-0.6300301044803185,-0.6862207309507374,0,0
427,1,-1.320136914963236,-1.4212855831104827,-0.6300301044803185,-0.8083947428635595,2,1
428,1,-1.567654965889196,-1.4212855831104827,-0.6300301044803185,-0.9305687547763816,0,0
429,1,-1.815173016815156,-1.4212855831104827,-0.6300301044803185,-0.3807857011686823,2,1
430,0,0.41248944151848405,1.080781526286563,1.7372315837396275,-0.7473077369071485,2,0
431,0,0.16497139059252405,1.080781526286563,1.8012116293671936,-0.8694817488199705,2,1
432,0,-0.08254666033343595,-0.5510013711462929,1.8651916749947597,-0.6251337249943264,0,0
433,0,-0.33006471125939596,-0.5510013711462929,1.9291717206223258,-0.5029597130815043,0,1
434,0,-0.577582762185356,-0.5510013711462929,1.9931517662498919,-0.5640467190379154,2,0
435,0,-0.825100813111316,-0.5510013711462929,2.0571318118774577,-0.4418727071250933,2,1
436,0,-1.072618864037276,-1.4212855831104827,2.121111857505024,-0.6862207309507374,0,0
437,0,-1.320136914963236,-1.4212855831104827,2.18509190313259,-0.8083947428635595,2,1
438,0,-1.567654965889196,-1.4212855831104827,2.249071948760156,-0.9305687547763816,0,0
439,0,-1.815173016815156,-1.4212855831104827,2.313051994387722,-0.3807857011686823,2,1
440,0,0.41248944151848405,1.080781526286563,-0.31012987634248795,-0.7473077369071485,2,0
441,0,0.16497139059252405,1.080781526286563,-0.31012987634248795,-0.8694817488199705,2,1
442,0,-0.08254666033343595,-0.5510013711462929,-0.31012987634248795,-0.6251337249943264,0,0
443,0,-0.33006471125939596,-0.5510013711462929,-0.31012987634248795,-0.5029597130815043,0,1
444,0,-0.577582762185356,-0.5510013711462929,-0.31012987634248795,-0.5640467190379154,2,0
445,0,-0.825100813111316,-0.5510013711462929,-0.31012987634248795,-0.4418727071250933,2,1
446,0,-1.072618864037276,-1.4212855831104827,-0.31012987634248795,-0.6862207309507374,0,0
447,0,-1.320136914963236,-1.4212855831104827,-0.31012987634248795,-0.8083947428635595,2,1
448,0,-1.567654965889196,-1.4212855831104827,-0.31012987634248795,-0.9305687547763816,0,0
449,0,-1.815173016815156,-1.4212855831104827,-0.31012987634248795,-0.3807857011686823,2,1
450,1,-0.28056110107420396,-0.8773579506328641,-0.6300301044803185,-0.5640467190379154,2,0
451,1,-0.42907193162977997,-0.8773579506328641,-0.6300301044803185,-0.6862207309507374,0,1
452,1,-0.577582762185356,-0.8773579506328641,-0.6300301044803185,-0.8083947428635595,2,0
453,1,-0.726093592740932,-0.8773579506328641,-0.6300301044803185,-0.9305687547763816,0,1
454,1,-0.874604423296508,-0.8773579506328641,-0.6300301044803185,-1.0527427666892035,2,0
455,0,1.42731345031492,1.7334946852597053,3.208772633173648,-0.5029597130815043,2,1
456,0,1.130291789203768,1.7334946852597053,3.208772633173648,-0.4418727071250933,0,0
457,0,0.833270128092616,0.42806836731342063,3.208772633173648,-0.3807857011686823,2,1
458,0,0.5362484669814641,0.42806836731342063,3.208772633173648,-0.3196986952122713,0,0
459,0,0.23922680587031206,0.42806836731342063,3.208772633173648,-0.25861168925586026,2,1
460,0,-0.05779485524083996,0.42806836731342063,3.208772633173648,-0.19752468329944922,0,0
461,0,-0.35481651635199196,-0.8773579506328641,3.208772633173648,-0.1364376773430382,2,1
462,0,-0.651838177463144,-0.8773579506328641,3.208772633173648,-0.07535067138662715,0,0
463,0,-0.948859838574296,-0.8773579506328641,3.208772633173648,-0.014263665430216128,2,1
464,0,-1.245881499685448,-0.8773579506328641,3.208772633173648,0.0468233405261949,0,0
465,0,-1.5429031607966,-0.8773579506328641,3.208772633173648,0.10791034648260593,2,1
466,1,1.42731345031492,1.7334946852597053,-0.4380899675976202,-0.5640467190379154,2,0
467,0,1.130291789203768,1.7334946852597053,-0.4380899675976202,-0.5029597130815043,0,1
468,1,0.833270128092616,0.42806836731342063,-0.4380899675976202,-0.4418727071250933,2,0
469,0,0.5362484669814641,0.42806836731342063,-0.4380899675976202,-0.3807857011686823,0,1
470,1,0.23922680587031206,0.42806836731342063,-0.4380899675976202,-0.3196986952122713,2,0
471,0,-0.05779485524083996,0.42806836731342063,-0.4380899675976202,-0.25861168925586026,0,1
472,1,-0.35481651635199196,-0.8773579506328641,-0.4380899675976202,-0.19752468329944922,2,0
473,0,-0.651838177463144,-0.8773579506328641,-0.4380899675976202,-0.1364376773430382,0,1
474,1,-0.948859838574296,-0.8773579506328641,-0.4380899675976202,-0.07535067138662715,2,0
475,1,-0.28056110107420396,-0.8773579506328641,-0.6300301044803185,-0.6251337249943264,0,0
476,1,-0.42907193162977997,-0.8773579506328641,-0.6300301044803185,-0.7473077369071485,2,1
477,1,-0.577582762185356,-0.8773579506328641,-0.6300301044803185,-0.8694817488199705,0,0
478,1,-0.726093592740932,-0.8773579506328641,-0.6300301044803185,-0.9916557607327926,2,1
479,1,-0.874604423296508,-0.8773579506328641,-0.6300301044803185,-1.1138297726456146,0,0
480,0,1.5015688655927082,1.7334946852597053,3.208772633173648,-0.5029597130815043,2,1
481,0,1.2045472044815562,1.7334946852597053,3.208772633173648,-0.4418727071250933,0,0
482,0,0.907525543370404,0.42806836731342063,3.208772633173648,-0.3807857011686823,2,1
483,0,0.610503882259252,0.42806836731342063,3.208772633173648,-0.3196986952122713,0,0
484,0,0.31348222114810004,0.42806836731342063,3.208772633173648,-0.25861168925586026,2,1
485,0,0.016460560036948044,0.42806836731342063,3.208772633173648,-0.19752468329944922,0,0
486,0,-0.28056110107420396,-0.8773579506328641,3.208772633173648,-0.1364376773430382,2,1
487,0,-0.577582762185356,-0.8773579506328641,3.208772633173648,-0.07535067138662715,0,0
488,0,-0.874604423296508,-0.8773579506328641,3.208772633173648,-0.014263665430216128,2,1
489,0,-1.17162608440766,-0.8773579506328641,3.208772633173648,0.0468233405261949,0,0
490,0,-1.468647745518812,-0.8773579506328641,3.208772633173648,0.10791034648260593,2,1
491,1,1.5015688655927082,1.7334946852597053,-0.4380899675976202,-0.6251337249943264,2,0
492,0,1.2045472044815562,1.7334946852597053,-0.4380899675976202,-0.7473077369071485,0,1
493,1,0.907525543370404,0.42806836731342063,-0.4380899675976202,-0.8694817488199705,2,0
494,0,0.610503882259252,0.42806836731342063,-0.4380899675976202,-0.9916557607327926,0,1
495,1,0.31348222114810004,0.42806836731342063,-0.4380899675976202,-1.1138297726456146,2,0
496,0,0.016460560036948044,0.42806836731342063,-0.4380899675976202,-0.5029597130815043,0,1
497,1,-0.28056110107420396,-0.8773579506328641,-0.4380899675976202,-0.4418727071250933,2,0
498,0,-0.577582762185356,-0.8773579506328641,-0.4380899675976202,-0.3807857011686823,0,1
499,1,-0.874604423296508,-0.8773579506328641,-0.4380899675976202,-0.3196986952122713,2,0
500,1,-0.28056110107420396,-0.8773579506328641,-0.6300301044803185,-0.5640467190379154,0,1
501,1,-0.42907193162977997,-0.8773579506328641,-0.6300301044803185,-0.6862207309507374,2,0
502,1,-0.577582762185356,-0.8773579506328641,-0.6300301044803185,-0.8083947428635595,0,1
503,1,-0.726093592740932,-0.8773579506328641,-0.6300301044803185,-0.9305687547763816,2,0
504,1,-0.874604423296508,-0.8773579506328641,-0.6300301044803185,-1.0527427666892035,0,1
505,0,1.5015688655927082,1.7334946852597053,3.208772633173648,-0.4418727071250933,2,0
506,0,1.2045472044815562,1.7334946852597053,3.208772633173648,-0.3807857011686823,0,1
507,0,0.907525543370404,0.42806836731342063,3.208772633173648,-0.3196986952122713,2,0
508,0,0.610503882259252,0.42806836731342063,3.208772633173648,-0.25861168925586026,0,1
509,0,0.31348222114810004,0.42806836731342063,3.208772633173648,-0.19752468329944922,2,0
510,0,0.016460560036948044,0.42806836731342063,3.208772633173648,-0.1364376773430382,0,1
511,0,-0.28056110107420396,-0.8773579506328641,3.208772633173648,-0.07535067138662715,2,0
512,0,-0.577582762185356,-0.8773579506328641,3.208772633173648,-0.014263665430216128,0,1
513,0,-0.874604423296508,-0.8773579506328641,3.208772633173648,0.0468233405261949,2,0
514,0,-1.17162608440766,-0.8773579506328641,3.208772633173648,0.10791034648260593,0,1
515,0,-1.468647745518812,-0.8773579506328641,3.208772633173648,0.16899735243901695,2,0
516,1,1.5015688655927082,1.7334946852597053,-0.4380899675976202,-0.5640467190379154,2,1
517,0,1.2045472044815562,1.7334946852597053,-0.4380899675976202,-0.6862207309507374,0,0
518,1,0.907525543370404,0.42806836731342063,-0.4380899675976202,-0.8083947428635595,2,1
519,0,0.610503882259252,0.42806836731342063,-0.4380899675976202,-0.9305687547763816,0,0
520,1,0.31348222114810004,0.42806836731342063,-0.4380899675976202,-1.0527427666892035,2,1
521,0,0.016460560036948044,0.42806836731342063,-0.4380899675976202,-0.4418727071250933,0,0
522,1,-0.28056110107420396,-0.8773579506328641,-0.4380899675976202,-0.3807857011686823,2,1
523,0,-0.577582762185356,-0.8773579506328641,-0.4380899675976202,-0.3196986952122713,0,0
524,1,-0.874604423296508,-0.8773579506328641,-0.4380899675976202,-0.25861168925586026,2,1
525,1,-0.08254666033343595,-0.5510013711462929,-0.6300301044803185,-0.6251337249943264,2,0
526,1,-0.28056110107420396,-0.5510013711462929,-0.6300301044803185,-0.7473077369071485,0,1
527,1,-0.47857554181497197,-0.5510013711462929,-0.6300301044803185,-0.8694817488199705,2,0
528,1,-0.67658998255574,-0.5510013711462929,-0.6300301044803185,-0.9916557607327926,0,1
529,1,-0.874604423296508,-0.5510013711462929,-0.6300301044803185,-1.1138297726456146,2,0
530,0,1.5015688655927082,2.712564423719419,3.208772633173648,-0.5029597130815043,0,1
531,0,1.2045472044815562,2.712564423719419,3.208772633173648,-0.3807857011686823,2,0
532,0,0.907525543370404,1.080781526286563,3.208772633173648,-0.25861168925586026,0,1
533,0,0.610503882259252,1.080781526286563,3.208772633173648,-0.1364376773430382,2,0
534,0,0.31348222114810004,1.080781526286563,3.208772633173648,-0.014263665430216128,0,1
535,0,0.016460560036948044,1.080781526286563,3.208772633173648,0.10791034648260593,2,0
536,0,-0.28056110107420396,-0.5510013711462929,3.208772633173648,0.23008435839542798,0,1
537,0,-0.577582762185356,-0.5510013711462929,3.208772633173648,0.35225837030825,2,0
538,0,-0.874604423296508,-0.5510013711462929,3.208772633173648,0.4744323822210721,0,1
539,0,-1.17162608440766,-0.5510013711462929,3.208772633173648,0.5966063941338942,2,0
540,0,-1.468647745518812,-0.5510013711462929,3.208772633173648,0.7187804060467162,0,1
541,1,1.5015688655927082,2.712564423719419,-0.4380899675976202,-0.5640467190379154,2,0
542,0,1.2045472044815562,2.712564423719419,-0.4380899675976202,-0.6862207309507374,0,1
543,1,0.907525543370404,1.080781526286563,-0.4380899675976202,-0.8083947428635595,2,0
544,0,0.610503882259252,1.080781526286563,-0.4380899675976202,-0.9305687547763816,0,1
545,1,0.31348222114810004,1.080781526286563,-0.4380899675976202,-1.0527427666892035,2,0
546,0,0.016460560036948044,1.080781526286563,-0.4380899675976202,-0.4418727071250933,0,1
547,1,-0.28056110107420396,-0.5510013711462929,-0.4380899675976202,-0.3807857011686823,2,0
548,0,-0.577582762185356,-0.5510013711462929,-0.4380899675976202,-0.3196986952122713,0,1
549,1,-0.874604423296508,-0.5510013711462929,-0.4380899675976202,-0.25861168925586026,2,0
550,0,1.4520652554075162,2.712564423719419,1.9291717206223258,-0.9305687547763816,2,1
551,0,1.650079696148284,2.712564423719419,2.0571318118774577,-0.8694817488199705,0,0
552,0,1.328306229944536,2.712564423719419,1.9931517662498919,-0.8083947428635595,2,1
553,0,1.476817060500112,2.712564423719419,1.8651916749947597,-0.7473077369071485,0,0
554,0,1.377809840129728,2.712564423719419,1.9291717206223258,-0.6862207309507374,2,1
555,0,2.1451157980002042,2.712564423719419,-0.4380899675976202,-0.6251337249943264,0,0
556,1,2.29362662855578,2.712564423719419,-0.5020700132251863,-0.5640467190379154,2,1
557,0,1.9718531623520321,2.712564423719419,-0.5660500588527524,-0.5029597130815043,0,0
558,1,2.120363992907608,2.712564423719419,-0.6300301044803185,-0.4418727071250933,2,1
559,0,1.947101357259436,2.712564423719419,-0.5660500588527524,-0.3807857011686823,0,0
560,0,2.194619408185396,2.712564423719419,-0.11818973945978963,0.23008435839542798,2,0
561,0,2.516392874389144,1.080781526286563,-0.24614983071492186,0.291171364351839,0,1
562,0,2.095612187815012,1.080781526286563,-0.18216978508735573,0.35225837030825,2,0
563,0,2.4421374591113563,1.080781526286563,-0.31012987634248795,0.41334537626466106,0,1
564,0,2.268874823463184,1.080781526286563,-0.24614983071492186,0.4744323822210721,2,0
565,0,1.897597747074244,1.080781526286563,-0.18216978508735573,0.5355193881774831,0,1
566,0,2.095612187815012,1.080781526286563,-0.24614983071492186,0.5966063941338942,2,0
567,0,1.749086916518668,1.080781526286563,-0.18216978508735573,0.6576934000903052,0,1
568,0,1.947101357259436,1.080781526286563,-0.24614983071492186,0.7187804060467162,2,0
569,0,1.79859052670386,1.080781526286563,-0.18216978508735573,0.7798674120031273,0,1
570,0,2.392633848926164,1.080781526286563,-0.11818973945978963,0.8409544179595383,2,0
571,0,2.763910925315104,1.080781526286563,-0.05420969383222352,0.9020414239159493,0,1
572,0,2.3431302387409723,1.080781526286563,-0.11818973945978963,0.9631284298723604,2,0
573,0,2.689655510037316,1.080781526286563,-0.18216978508735573,1.0242154358287714,0,1
574,0,2.516392874389144,1.080781526286563,-0.11818973945978963,1.0853024417851824,2,0
575,0,2.1451157980002042,1.080781526286563,-0.05420969383222352,1.1463894477415935,0,1
576,0,2.3431302387409723,1.080781526286563,-0.11818973945978963,1.2074764536980045,2,0
577,0,1.996604967444628,1.080781526286563,-0.05420969383222352,1.2685634596544155,0,1
578,0,2.194619408185396,1.080781526286563,-0.11818973945978963,1.3296504656108266,2,0
579,0,2.0461085776298202,1.080781526286563,-0.05420969383222352,1.3907374715672376,0,1
580,0,2.6401518998521243,1.080781526286563,0.009770351795342589,1.4518244775236486,2,0
581,0,3.011428976241064,1.080781526286563,0.0737503974229087,1.5129114834800597,0,1
582,0,2.590648289666932,1.080781526286563,0.009770351795342589,1.5739984894364707,2,0
583,0,2.9371735609632763,1.080781526286563,-0.05420969383222352,1.6350854953928817,0,1
584,0,2.763910925315104,1.080781526286563,0.009770351795342589,1.6961725013492928,2,0
585,0,2.392633848926164,1.080781526286563,0.0737503974229087,1.7572595073057038,0,1
586,0,2.590648289666932,1.080781526286563,0.009770351795342589,1.8183465132621148,2,0
587,0,2.2441230183705883,1.080781526286563,0.0737503974229087,1.8794335192185259,0,1
588,0,2.4421374591113563,1.080781526286563,0.009770351795342589,1.940520525174937,2,0
589,0,2.29362662855578,1.080781526286563,0.0737503974229087,2.0016075311313477,0,1
590,0,2.887669950778084,1.080781526286563,0.1377304430504748,2.0626945370877587,2,0
591,0,3.2589470271670242,1.080781526286563,0.20171048867804092,2.1237815430441698,0,1
592,0,2.8381663405928923,1.080781526286563,0.1377304430504748,2.184868549000581,2,0
593,0,3.184691611889236,1.080781526286563,0.0737503974229087,2.245955554956992,0,1
594,0,3.011428976241064,1.080781526286563,0.1377304430504748,2.307042560913403,2,0
595,0,2.6401518998521243,1.080781526286563,0.20171048867804092,2.368129566869814,0,1
596,0,2.8381663405928923,1.080781526286563,0.1377304430504748,2.429216572826225,2,0
597,0,2.491641069296548,1.080781526286563,0.20171048867804092,2.490303578782636,0,1
598,0,2.689655510037316,1.080781526286563,0.1377304430504748,2.551390584739047,2,0
599,0,2.5411446794817403,1.080781526286563,0.20171048867804092,2.612477590695458,0,1
600,1,0.907525543370404,-0.007073738668674291,-0.6300301044803185,-0.3196986952122713,1,1
601,0,-0.08254666033343595,-0.5510013711462929,0.265690534305607,0.41334537626466106,1,0
602,0,0.16497139059252405,0.5368538938089443,-0.5660500588527524,0.7798674120031273,0,0
603,1,1.650079696148284,1.080781526286563,-0.6300301044803185,-0.014263665430216128,1,1
604,1,0.660007492444444,-0.007073738668674291,-0.6300301044803185,-0.6251337249943264,0,0
605,0,-0.08254666033343595,-0.5510013711462929,0.0737503974229087,1.0242154358287714,0,1
606,0,0.41248944151848405,1.080781526286563,-0.5660500588527524,0.291171364351839,0,1
607,1,1.1550435942963642,0.5368538938089443,-0.6300301044803185,-0.3196986952122713,0,0
608,1,1.4025616452223242,1.080781526286563,-0.6300301044803185,-0.4418727071250933,2,0
609,0,-0.08254666033343595,-0.5510013711462929,0.265690534305607,0.5966063941338942,1,1
610,0,0.16497139059252405,0.5368538938089443,-0.5660500588527524,0.16899735243901695,0,1
611,1,0.907525543370404,-0.007073738668674291,-0.6300301044803185,-0.5029597130815043,2,0
612,1,0.660007492444444,-0.5510013711462929,-0.6300301044803185,-0.6862207309507374,0,1
613,0,-0.08254666033343595,1.080781526286563,0.265690534305607,1.2074764536980045,0,0
614,0,0.41248944151848405,-0.007073738668674291,-0.5660500588527524,0.0468233405261949,0,0
615,1,1.1550435942963642,0.5368538938089443,-0.6300301044803185,-0.19752468329944922,2,1
616,1,1.4025616452223242,1.080781526286563,-0.6300301044803185,-0.3196986952122713,1,1
617,0,-0.08254666033343595,-0.5510013711462929,0.265690534305607,0.5966063941338942,0,0
618,0,0.16497139059252405,-0.007073738668674291,-0.5660500588527524,0.16899735243901695,0,1
619,1,0.907525543370404,0.5368538938089443,-0.6300301044803185,-0.5029597130815043,0,0
620,1,0.660007492444444,-0.5510013711462929,-0.6300301044803185,-0.6862207309507374,2,1
621,0,-0.08254666033343595,1.080781526286563,0.265690534305607,1.0242154358287714,0,0
622,0,0.41248944151848405,-0.007073738668674291,-0.5660500588527524,0.0468233405261949,0,0
623,1,1.1550435942963642,0.5368538938089443,-0.6300301044803185,-0.19752468329944922,2,1
624,1,1.4025616452223242,1.080781526286563,-0.6300301044803185,-0.3196986952122713,1,0
625,1,0.907525543370404,-0.007073738668674291,-0.6300301044803185,-0.5029597130815043,0,1
626,0,-0.08254666033343595,-0.5510013711462929,0.265690534305607,0.5966063941338942,0,0
627,0,0.16497139059252405,-0.007073738668674291,-0.5660500588527524,0.16899735243901695,0,1
628,1,0.907525543370404,0.5368538938089443,-0.6300301044803185,-0.5029597130815043,0,0
629,1,0.660007492444444,-0.5510013711462929,-0.6300301044803185,-0.6862207309507374,2,1
630,0,-0.08254666033343595,1.080781526286563,0.265690534305607,1.0242154358287714,0,0
631,0,0.41248944151848405,-0.007073738668674291,-0.5660500588527524,0.0468233405261949,0,0
632,1,1.1550435942963642,0.5368538938089443,-0.6300301044803185,-0.19752468329944922,2,1
633,1,1.4025616452223242,1.080781526286563,-0.6300301044803185,-0.3196986952122713,1,0
634,0,-0.08254666033343595,-0.5510013711462929,0.265690534305607,0.5966063941338942,0,0
635,0,0.16497139059252405,-0.007073738668674291,-0.5660500588527524,0.16899735243901695,0,1
636,1,0.907525543370404,0.5368538938089443,-0.6300301044803185,-0.5029597130815043,0,0
637,1,0.660007492444444,-0.5510013711462929,-0.6300301044803185,-0.6862207309507374,2,1
638,0,-0.08254666033343595,1.080781526286563,0.265690534305607,1.0242154358287714,0,0
639,0,0.41248944151848405,-0.007073738668674291,-0.5660500588527524,0.0468233405261949,0,0
640,1,1.1550435942963642,0.5368538938089443,-0.6300301044803185,-0.19752468329944922,2,1
641,1,1.4025616452223242,1.080781526286563,-0.6300301044803185,-0.3196986952122713,1,0
642,0,-0.08254666033343595,-0.5510013711462929,0.265690534305607,0.5966063941338942,0,0
643,0,0.16497139059252405,-0.007073738668674291,-0.5660500588527524,0.16899735243901695,0,1
644,1,0.907525543370404,0.5368538938089443,-0.6300301044803185,-0.5029597130815043,0,0
645,1,0.660007492444444,-0.5510013711462929,-0.6300301044803185,-0.6862207309507374,2,1
646,0,-0.08254666033343595,1.080781526286563,0.265690534305607,1.0242154358287714,0,0
647,0,0.41248944151848405,-0.007073738668674291,-0.5660500588527524,0.0468233405261949,0,0
648,1,0.41248944151848405,1.080781526286563,-0.6300301044803185,-0.3196986952122713,1,0
649,1,0.907525543370404,-0.007073738668674291,-0.6300301044803185,-0.5029597130815043,0,1
650,0,-0.08254666033343595,-0.5510013711462929,0.265690534305607,0.5966063941338942,0,0
651,0,0.16497139059252405,-0.007073738668674291,-0.5660500588527524,0.16899735243901695,0,1
652,1,0.907525543370404,0.5368538938089443,-0.6300301044803185,-0.5029597130815043,0,0
653,1,0.660007492444444,-0.5510013711462929,-0.6300301044803185,-0.6862207309507374,2,1
654,0,-0.08254666033343595,1.080781526286563,0.265690534305607,1.0242154358287714,0,0
655,0,0.41248944151848405,-0.007073738668674291,-0.5660500588527524,0.0468233405261949,0,0
656,1,1.1550435942963642,0.5368538938089443,-0.6300301044803185,-0.19752468329944922,2,1
657,1,1.4025616452223242,1.080781526286563,-0.6300301044803185,-0.3196986952122713,1,0
658,0,-0.08254666033343595,-0.5510013711462929,0.265690534305607,0.5966063941338942,0,0
659,0,0.16497139059252405,-0.007073738668674291,-0.5660500588527524,0.16899735243901695,0,1
660,1,0.907525543370404,0.5368538938089443,-0.6300301044803185,-0.5029597130815043,0,0
661,1,0.660007492444444,-0.5510013711462929,-0.6300301044803185,-0.6862207309507374,2,1
662,0,-0.08254666033343595,1.080781526286563,0.265690534305607,1.0242154358287714,0,0
663,0,0.41248944151848405,-0.007073738668674291,-0.5660500588527524,0.0468233405261949,0,0
664,1,1.1550435942963642,0.5368538938089443,-0.6300301044803185,-0.19752468329944922,2,1
665,1,1.4025616452223242,1.080781526286563,-0.6300301044803185,-0.3196986952122713,1,0
666,0,-0.08254666033343595,-0.5510013711462929,0.265690534305607,0.5966063941338942,0,0
667,0,0.16497139059252405,-0.007073738668674291,-0.5660500588527524,0.16899735243901695,0,1
668,1,0.907525543370404,0.5368538938089443,-0.6300301044803185,-0.5029597130815043,0,0
669,1,0.660007492444444,-0.5510013711462929,-0.6300301044803185,-0.6862207309507374,2,1
670,0,-0.08254666033343595,1.080781526286563,0.265690534305607,1.0242154358287714,0,0
671,1,1.4025616452223242,1.080781526286563,-0.6300301044803185,-0.3196986952122713,1,0
672,1,0.907525543370404,-0.007073738668674291,-0.6300301044803185,-0.5029597130815043,0,1
673,0,-0.08254666033343595,-0.5510013711462929,0.265690534305607,0.5966063941338942,0,0
674,0,0.16497139059252405,-0.007073738668674291,-0.5660500588527524,0.16899735243901695,0,1
675,1,0.907525543370404,0.5368538938089443,-0.6300301044803185,-0.5029597130815043,0,0
676,1,0.660007492444444,-0.5510013711462929,-0.6300301044803185,-0.6862207309507374,2,1
677,0,-0.08254666033343595,1.080781526286563,0.265690534305607,1.0242154358287714,0,0
678,0,0.41248944151848405,-0.007073738668674291,-0.5660500588527524,0.0468233405261949,0,0
679,1,1.1550435942963642,0.5368538938089443,-0.6300301044803185,-0.19752468329944922,2,1
680,1,1.4025616452223242,1.080781526286563,-0.6300301044803185,-0.3196986952122713,1,0
681,0,-0.08254666033343595,-0.5510013711462929,0.265690534305607,0.5966063941338942,0,0
682,0,0.16497139059252405,-0.007073738668674291,-0.5660500588527524,0.16899735243901695,0,1
683,1,0.907525543370404,0.5368538938089443,-0.6300301044803185,-0.5029597130815043,0,0
684,1,0.660007492444444,-0.5510013711462929,-0.6300301044803185,-0.6862207309507374,2,1
685,0,-0.08254666033343595,1.080781526286563,0.265690534305607,1.0242154358287714,0,0
686,0,0.41248944151848405,-0.007073738668674291,-0.5660500588527524,0.0468233405261949,0,0
687,1,1.1550435942963642,0.5368538938089443,-0.6300301044803185,-0.19752468329944922,2,1
688,1,1.4025616452223242,1.080781526286563,-0.6300301044803185,-0.3196986952122713,1,0
689,0,-0.08254666033343595,-0.5510013711462929,0.265690534305607,0.5966063941338942,0,0
690,0,0.16497139059252405,-0.007073738668674291,-0.5660500588527524,0.16899735243901695,0,1
691,1,0.907525543370404,0.5368538938089443,-0.6300301044803185,-0.5029597130815043,0,0
692,1,0.660007492444444,-0.5510013711462929,-0.6300301044803185,-0.6862207309507374,2,1
693,1,0.41248944151848405,1.080781526286563,-0.6300301044803185,-0.3196986952122713,1,0
694,1,0.907525543370404,-0.007073738668674291,-0.6300301044803185,-0.5029597130815043,0,1
695,0,-0.08254666033343595,-0.5510013711462929,0.265690534305607,0.5966063941338942,0,0
696,0,0.16497139059252405,-0.007073738668674291,-0.5660500588527524,0.16899735243901695,0,1
697,1,0.907525543370404,0.5368538938089443,-0.6300301044803185,-0.5029597130815043,0,0
698,1,0.660007492444444,-0.5510013711462929,-0.6300301044803185,-0.6862207309507374,2,1
699,0,-0.08254666033343595,1.080781526286563,0.265690534305607,1.0242154358287714,0,0
700,0,0.41248944151848405,-0.007073738668674291,-0.5660500588527524,0.0468233405261949,0,0
701,1,1.1550435942963642,0.5368538938089443,-0.6300301044803185,-0.19752468329944922,2,1
702,1,1.4025616452223242,1.080781526286563,-0.6300301044803185,-0.3196986952122713,1,0
703,0,-0.08254666033343595,-0.5510013711462929,0.265690534305607,0.5966063941338942,0,0
704,0,0.16497139059252405,-0.007073738668674291,-0.5660500588527524,0.16899735243901695,0,1
705,1,0.907525543370404,0.5368538938089443,-0.6300301044803185,-0.5029597130815043,0,0
706,1,0.660007492444444,-0.5510013711462929,-0.6300301044803185,-0.6862207309507374,2,1
707,0,-0.08254666033343595,1.080781526286563,0.265690534305607,1.0242154358287714,0,0
708,0,0.41248944151848405,-0.007073738668674291,-0.5660500588527524,0.0468233405261949,0,0
709,1,1.1550435942963642,0.5368538938089443,-0.6300301044803185,-0.19752468329944922,2,1
710,1,1.4025616452223242,1.080781526286563,-0.6300301044803185,-0.3196986952122713,1,0
711,0,-0.08254666033343595,-0.5510013711462929,0.265690534305607,0.5966063941338942,0,0
712,0,0.16497139059252405,-0.007073738668674291,-0.5660500588527524,0.16899735243901695,0,1
713,1,0.907525543370404,0.5368538938089443,-0.6300301044803185,-0.5029597130815043,0,0
714,1,0.660007492444444,-0.5510013711462929,-0.6300301044803185,-0.6862207309507374,2,1
715,0,-0.08254666033343595,1.080781526286563,0.265690534305607,1.0242154358287714,0,0
716,0,0.41248944151848405,-0.007073738668674291,-0.5660500588527524,0.0468233405261949,0,0
717,1,1.1550435942963642,0.5368538938089443,-0.6300301044803185,-0.19752468329944922,2,1
718,1,1.4025616452223242,1.080781526286563,-0.6300301044803185,-0.3196986952122713,1,0
719,0,-0.08254666033343595,-0.5510013711462929,0.265690534305607,0.5966063941338942,0,0
720,0,0.16497139059252405,-0.007073738668674291,-0.5660500588527524,0.16899735243901695,0,1
721,1,0.907525543370404,0.5368538938089443,-0.6300301044803185,-0.5029597130815043,0,0
722,1,0.660007492444444,-0.5510013711462929,-0.6300301044803185,-0.6862207309507374,2,1
723,0,-0.08254666033343595,1.080781526286563,0.265690534305607,1.0242154358287714,0,0
724,0,0.41248944151848405,-0.007073738668674291,-0.5660500588527524,0.0468233405261949,0,0
725,1,1.1550435942963642,0.5368538938089443,-0.6300301044803185,-0.19752468329944922,2,1
726,1,1.4025616452223242,1.080781526286563,-0.6300301044803185,-0.3196986952122713,1,0
727,0,-0.08254666033343595,-0.5510013711462929,0.265690534305607,0.5966063941338942,0,0
728,0,0.16497139059252405,-0.007073738668674291,-0.5660500588527524,0.16899735243901695,0,1
729,1,0.907525543370404,0.5368538938089443,-0.6300301044803185,-0.5029597130815043,0,0
730,1,0.660007492444444,-0.5510013711462929,-0.6300301044803185,-0.6862207309507374,2,1
731,0,-0.08254666033343595,1.080781526286563,0.265690534305607,1.0242154358287714,0,0
732,0,0.41248944151848405,-0.007073738668674291,-0.5660500588527524,0.0468233405261949,0,0
733,1,1.1550435942963642,0.5368538938089443,-0.6300301044803185,-0.19752468329944922,2,1
734,1,1.4025616452223242,1.080781526286563,-0.6300301044803185,-0.3196986952122713,1,0
735,0,-0.08254666033343595,-0.5510013711462929,0.265690534305607,0.5966063941338942,0,0
736,0,0.16497139059252405,-0.007073738668674291,-0.5660500588527524,0.16899735243901695,0,1
737,1,0.907525543370404,0.5368538938089443,-0.6300301044803185,-0.5029597130815043,0,0
738,1,0.660007492444444,-0.5510013711462929,-0.6300301044803185,-0.6862207309507374,2,1
739,0,-0.08254666033343595,1.080781526286563,0.265690534305607,1.0242154358287714,0,0
740,0,0.41248944151848405,-0.007073738668674291,-0.5660500588527524,0.0468233405261949,0,0
741,1,1.1550435942963642,0.5368538938089443,-0.6300301044803185,-0.19752468329944922,2,1
742,1,1.4025616452223242,1.080781526286563,-0.6300301044803185,-0.3196986952122713,1,0
743,0,-0.08254666033343595,-0.5510013711462929,0.265690534305607,0.5966063941338942,0,0
744,0,0.16497139059252405,-0.007073738668674291,-0.5660500588527524,0.16899735243901695,0,1
745,1,0.907525543370404,0.5368538938089443,-0.6300301044803185,-0.5029597130815043,0,0
746,1,0.660007492444444,-0.5510013711462929,-0.6300301044803185,-0.6862207309507374,2,1
747,0,-0.08254666033343595,1.080781526286563,0.265690534305607,1.0242154358287714,0,0
748,0,0.41248944151848405,-0.007073738668674291,-0.5660500588527524,0.0468233405261949,0,0
749,1,1.1550435942963642,0.5368538938089443,-0.6300301044803185,-0.19752468329944922,2,1
750,1,1.4025616452223242,1.080781526286563,-0.6300301044803185,-0.3196986952122713,1,0
751,0,-0.08254666033343595,-0.5510013711462929,0.265690534305607,0.5966063941338942,0,0
752,0,0.16497139059252405,-0.007073738668674291,-0.5660500588527524,0.16899735243901695,0,1
753,1,0.907525543370404,0.5368538938089443,-0.6300301044803185,-0.5029597130815043,0,0
754,1,0.660007492444444,-0.5510013711462929,-0.6300301044803185,-0.6862207309507374,2,1
755,0,-0.08254666033343595,1.080781526286563,0.265690534305607,1.0242154358287714,0,0
756,0,0.41248944151848405,-0.007073738668674291,-0.5660500588527524,0.0468233405261949,0,0
757,1,1.1550435942963642,0.5368538938089443,-0.6300301044803185,-0.19752468329944922,2,1
758,1,1.4025616452223242,1.080781526286563,-0.6300301044803185,-0.3196986952122713,1,0
759,0,-0.08254666033343595,-0.5510013711462929,0.265690534305607,0.5966063941338942,0,0
760,0,0.16497139059252405,-0.007073738668674291,-0.5660500588527524,0.16899735243901695,0,1
761,1,0.907525543370404,0.5368538938089443,-0.6300301044803185,-0.5029597130815043,0,0
762,1,0.660007492444444,-0.5510013711462929,-0.6300301044803185,-0.6862207309507374,2,1
763,0,-0.08254666033343595,1.080781526286563,0.265690534305607,1.0242154358287714,0,0
764,0,0.41248944151848405,-0.007073738668674291,-0.5660500588527524,0.0468233405261949,0,0
765,1,1.1550435942963642,0.5368538938089443,-0.6300301044803185,-0.19752468329944922,2,1
766,1,1.4025616452223242,1.080781526286563,-0.6300301044803185,-0.3196986952122713,1,0
767,0,-0.08254666033343595,-0.5510013711462929,0.265690534305607,0.5966063941338942,0,0
768,0,0.16497139059252405,-0.007073738668674291,-0.5660500588527524,0.16899735243901695,0,1
769,1,0.907525543370404,0.5368538938089443,-0.6300301044803185,-0.5029597130815043,0,0
770,1,0.660007492444444,-0.5510013711462929,-0.6300301044803185,-0.6862207309507374,2,1
771,0,-0.08254666033343595,1.080781526286563,0.265690534305607,1.0242154358287714,0,0
772,0,0.41248944151848405,-0.007073738668674291,-0.5660500588527524,0.0468233405261949,0,0
773,1,1.1550435942963642,0.5368538938089443,-0.6300301044803185,-0.19752468329944922,2,1
774,1,1.4025616452223242,1.080781526286563,-0.6300301044803185,-0.3196986952122713,1,0
775,0,-0.08254666033343595,-0.5510013711462929,0.265690534305607,0.5966063941338942,0,0
776,0,0.16497139059252405,-0.007073738668674291,-0.5660500588527524,0.16899735243901695,0,1
777,1,0.907525543370404,0.5368538938089443,-0.6300301044803185,-0.5029597130815043,0,0
778,1,0.660007492444444,-0.5510013711462929,-0.6300301044803185,-0.6862207309507374,2,1
779,0,-0.08254666033343595,1.080781526286563,0.265690534305607,1.0242154358287714,0,0
780,0,0.41248944151848405,-0.007073738668674291,-0.5660500588527524,0.0468233405261949,0,0
781,1,1.1550435942963642,0.5368538938089443,-0.6300301044803185,-0.19752468329944922,2,1
782,1,1.4025616452223242,1.080781526286563,-0.6300301044803185,-0.3196986952122713,1,0
783,0,-0.08254666033343595,-0.5510013711462929,0.265690534305607,0.5966063941338942,0,0
784,0,0.16497139059252405,-0.007073738668674291,-0.5660500588527524,0.16899735243901695,0,1
785,1,0.907525543370404,0.5368538938089443,-0.6300301044803185,-0.5029597130815043,0,0
786,1,0.41248944151848405,1.080781526286563,-0.6300301044803185,-0.3807857011686823,1,0
787,0,-0.08254666033343595,-0.5510013711462929,-0.4380899675976202,0.16899735243901695,0,1
788,1,0.660007492444444,0.5368538938089443,-0.6300301044803185,-0.6251337249943264,2,1
789,1,0.907525543370404,1.080781526286563,-0.6300301044803185,-0.25861168925586026,0,0
790,0,-0.08254666033343595,-0.007073738668674291,0.39365062556073926,0.6576934000903052,0,0
791,0,0.16497139059252405,1.080781526286563,-0.4380899675976202,0.23008435839542798,0,1
792,1,1.1550435942963642,-0.5510013711462929,-0.6300301044803185,-0.5640467190379154,2,0
793,0,-0.08254666033343595,0.5368538938089443,0.3296705799331731,0.7187804060467162,0,0
794,1,0.41248944151848405,1.080781526286563,-0.6300301044803185,-0.3196986952122713,1,1
795,0,-0.08254666033343595,-0.5510013711462929,-0.37410992197005405,0.291171364351839,0,0
796,1,0.660007492444444,0.5368538938089443,-0.6300301044803185,-0.5029597130815043,2,1
797,0,-0.08254666033343595,1.080781526286563,0.45763067118830536,0.7798674120031273,0,0
798,0,0.16497139059252405,-0.007073738668674291,-0.5020700132251863,0.35225837030825,0,1
799,1,1.1550435942963642,-0.5510013711462929,-0.6300301044803185,-0.4418727071250933,2,0
800,0,-0.08254666033343595,0.5368538938089443,0.39365062556073926,0.8409544179595383,0,0
801,0,0.16497139059252405,1.080781526286563,-0.4380899675976202,0.41334537626466106,0,1
802,1,0.907525543370404,-0.5510013711462929,-0.6300301044803185,-0.3807857011686823,1,1
803,0,-0.08254666033343595,-0.007073738668674291,0.45763067118830536,0.9020414239159493,0,0
804,1,0.41248944151848405,1.080781526286563,-0.6300301044803185,-0.25861168925586026,1,1
805,0,-0.08254666033343595,-0.5510013711462929,-0.4380899675976202,0.4744323822210721,0,0
806,1,0.660007492444444,0.5368538938089443,-0.6300301044803185,-0.4418727071250933,2,1
807,0,-0.08254666033343595,1.080781526286563,0.5216107168158715,0.9631284298723604,0,0
808,0,0.16497139059252405,-0.007073738668674291,-0.4380899675976202,0.5355193881774831,0,1
809,1,0.907525543370404,-0.5510013711462929,-0.6300301044803185,-0.3196986952122713,1,1
810,0,-0.08254666033343595,0.5368538938089443,0.5216107168158715,1.0242154358287714,0,0
811,1,0.41248944151848405,1.080781526286563,-0.6300301044803185,-0.19752468329944922,1,0
812,0,-0.08254666033343595,-0.5510013711462929,-0.4380899675976202,0.5966063941338942,0,1
813,1,0.660007492444444,0.5368538938089443,-0.6300301044803185,-0.3807857011686823,2,0
814,0,-0.08254666033343595,1.080781526286563,0.5855907624434376,1.0853024417851824,0,0
815,0,0.16497139059252405,-0.007073738668674291,-0.4380899675976202,0.6576934000903052,0,1
816,1,0.907525543370404,-0.5510013711462929,-0.6300301044803185,-0.25861168925586026,1,1
817,0,-0.08254666033343595,0.5368538938089443,0.5855907624434376,1.1463894477415935,0,0
818,1,0.41248944151848405,1.080781526286563,-0.6300301044803185,-0.1364376773430382,1,1
819,0,-0.08254666033343595,-0.5510013711462929,-0.4380899675976202,0.7187804060467162,0,0
820,1,0.660007492444444,0.5368538938089443,-0.6300301044803185,-0.3196986952122713,2,0
821,0,-0.08254666033343595,1.080781526286563,0.6495708080710036,1.2074764536980045,0,0
822,0,0.16497139059252405,-0.007073738668674291,-0.4380899675976202,0.7798674120031273,0,1
823,1,0.907525543370404,-0.5510013711462929,-0.6300301044803185,-0.19752468329944922,1,1
824,0,-0.08254666033343595,0.5368538938089443,0.6495708080710036,1.2685634596544155,0,0
825,1,0.41248944151848405,1.080781526286563,-0.6300301044803185,-0.07535067138662715,1,0
826,0,-0.08254666033343595,-0.5510013711462929,-0.4380899675976202,0.8409544179595383,0,1
827,1,0.660007492444444,0.5368538938089443,-0.6300301044803185,-0.25861168925586026,2,0
828,0,-0.08254666033343595,1.080781526286563,0.7135508536985697,1.3296504656108266,0,0
829,0,0.16497139059252405,-0.007073738668674291,-0.4380899675976202,0.9020414239159493,0,1
830,1,0.907525543370404,-0.5510013711462929,-0.6300301044803185,-0.1364376773430382,1,1
831,0,-0.08254666033343595,0.5368538938089443,0.7135508536985697,1.3907374715672376,0,0
832,0,0.16497139059252405,1.080781526286563,-0.4380899675976202,0.9631284298723604,0,1
833,1,0.41248944151848405,1.080781526286563,-0.6300301044803185,-0.014263665430216128,1,0
834,0,-0.08254666033343595,-0.5510013711462929,0.777530899326136,1.4518244775236486,0,0
835,1,0.660007492444444,0.5368538938089443,-0.6300301044803185,-0.19752468329944922,2,1
836,0,-0.08254666033343595,1.080781526286563,-0.4380899675976202,1.0242154358287714,0,0
837,1,0.907525543370404,-0.5510013711462929,-0.6300301044803185,-0.07535067138662715,1,1
838,0,-0.08254666033343595,0.5368538938089443,0.777530899326136,1.5129114834800597,0,0
839,0,0.16497139059252405,1.080781526286563,-0.4380899675976202,1.0853024417851824,0,1
840,1,0.41248944151848405,1.080781526286563,-0.6300301044803185,0.0468233405261949,1,0
841,0,-0.08254666033343595,-0.5510013711462929,0.841510944953702,1.5739984894364707,0,0
842,1,0.660007492444444,0.5368538938089443,-0.6300301044803185,-0.1364376773430382,2,1
843,0,-0.08254666033343595,1.080781526286563,-0.4380899675976202,1.1463894477415935,0,0
844,1,0.907525543370404,-0.5510013711462929,-0.6300301044803185,-0.014263665430216128,1,1
845,0,-0.08254666033343595,0.5368538938089443,0.841510944953702,1.6350854953928817,0,0
846,0,0.16497139059252405,1.080781526286563,-0.4380899675976202,1.2074764536980045,0,1
847,1,0.41248944151848405,1.080781526286563,-0.6300301044803185,0.10791034648260593,1,0
848,0,-0.08254666033343595,-0.5510013711462929,0.9054909905812681,1.6961725013492928,0,0
849,1,0.660007492444444,0.5368538938089443,-0.6300301044803185,-0.07535067138662715,2,1
850,0,-0.08254666033343595,1.080781526286563,-0.4380899675976202,1.2685634596544155,0,0
851,1,0.907525543370404,-0.5510013711462929,-0.6300301044803185,0.0468233405261949,1,1
852,0,-0.08254666033343595,0.5368538938089443,0.9054909905812681,1.7572595073057038,0,0
853,0,0.16497139059252405,1.080781526286563,-0.4380899675976202,1.3296504656108266,0,1
854,1,0.41248944151848405,1.080781526286563,-0.6300301044803185,0.16899735243901695,1,0
855,0,-0.08254666033343595,-0.5510013711462929,0.9694710362088342,1.8183465132621148,0,0
856,1,0.660007492444444,0.5368538938089443,-0.6300301044803185,-0.014263665430216128,2,1
857,0,-0.08254666033343595,1.080781526286563,-0.4380899675976202,1.3907374715672376,0,0
858,1,0.907525543370404,-0.5510013711462929,-0.6300301044803185,0.10791034648260593,1,1
859,0,-0.08254666033343595,0.5368538938089443,0.9694710362088342,1.8794335192185259,0,0
860,0,0.16497139059252405,1.080781526286563,-0.4380899675976202,1.4518244775236486,0,1
861,1,0.41248944151848405,1.080781526286563,-0.6300301044803185,0.23008435839542798,1,0
862,0,-0.08254666033343595,-0.5510013711462929,1.0334510818364004,1.940520525174937,0,0
863,1,0.660007492444444,0.5368538938089443,-0.6300301044803185,0.0468233405261949,2,1
864,0,-0.08254666033343595,1.080781526286563,-0.4380899675976202,1.5129114834800597,0,0
865,1,0.907525543370404,-0.5510013711462929,-0.6300301044803185,0.16899735243901695,1,1
866,0,-0.08254666033343595,0.5368538938089443,1.0334510818364004,2.0016075311313477,0,0
867,0,0.16497139059252405,1.080781526286563,-0.4380899675976202,1.5739984894364707,0,1
868,1,0.41248944151848405,1.080781526286563,-0.6300301044803185,0.291171364351839,1,0
869,0,-0.08254666033343595,-0.5510013711462929,1.0974311274639665,2.0626945370877587,0,0
870,1,0.660007492444444,0.5368538938089443,-0.6300301044803185,0.10791034648260593,2,1
871,0,-0.08254666033343595,1.080781526286563,-0.4380899675976202,1.6350854953928817,0,0
872,1,0.907525543370404,-0.5510013711462929,-0.6300301044803185,0.23008435839542798,1,1
873,0,-0.08254666033343595,0.5368538938089443,1.0974311274639665,2.1237815430441698,0,0
874,0,0.16497139059252405,1.080781526286563,-0.4380899675976202,1.6961725013492928,0,1
875,1,0.41248944151848405,1.080781526286563,-0.6300301044803185,0.35225837030825,1,0
876,0,-0.08254666033343595,-0.5510013711462929,1.1614111730915326,2.184868549000581,0,0
877,1,0.660007492444444,0.5368538938089443,-0.6300301044803185,0.16899735243901695,2,1
878,0,-0.08254666033343595,1.080781526286563,-0.4380899675976202,1.7572595073057038,0,0
879,1,0.907525543370404,-0.5510013711462929,-0.6300301044803185,0.291171364351839,1,1
880,0,-0.08254666033343595,0.5368538938089443,1.1614111730915326,2.245955554956992,0,0
881,0,0.16497139059252405,1.080781526286563,-0.4380899675976202,1.8183465132621148,0,1
882,1,0.41248944151848405,1.080781526286563,-0.6300301044803185,0.41334537626466106,1,0
883,0,-0.08254666033343595,-0.5510013711462929,1.2253912187190987,2.307042560913403,0,0
884,1,0.660007492444444,0.5368538938089443,-0.6300301044803185,0.23008435839542798,2,1
885,0,-0.08254666033343595,1.080781526286563,-0.4380899675976202,1.8794335192185259,0,0
886,1,0.907525543370404,-0.5510013711462929,-0.6300301044803185,0.35225837030825,1,1
887,0,-0.08254666033343595,0.5368538938089443,1.2253912187190987,2.368129566869814,0,0
888,0,0.16497139059252405,1.080781526286563,-0.4380899675976202,1.940520525174937,0,1
889,1,0.41248944151848405,1.080781526286563,-0.6300301044803185,0.4744323822210721,1,0
890,0,-0.08254666033343595,-0.5510013711462929,1.2893712643466648,2.429216572826225,0,0
891,1,0.660007492444444,0.5368538938089443,-0.6300301044803185,0.291171364351839,2,1
892,0,-0.08254666033343595,1.080781526286563,-0.4380899675976202,2.0016075311313477,0,0
893,1,0.907525543370404,-0.5510013711462929,-0.6300301044803185,0.41334537626466106,1,1
894,0,-0.08254666033343595,0.5368538938089443,1.353351309974231,2.490303578782636,0,0
895,0,0.16497139059252405,1.080781526286563,-0.4380899675976202,2.0626945370877587,0,1
896,1,0.41248944151848405,1.080781526286563,-0.6300301044803185,0.5355193881774831,1,0
897,0,-0.08254666033343595,-0.5510013711462929,1.417331355601797,2.551390584739047,0,0
898,1,0.660007492444444,0.5368538938089443,-0.6300301044803185,0.35225837030825,2,1
899,0,-0.08254666033343595,1.080781526286563,-0.4380899675976202,2.1237815430441698,0,0
900,1,0.907525543370404,-0.5510013711462929,-0.6300301044803185,0.4744323822210721,1,1
901,0,-0.08254666033343595,0.5368538938089443,1.417331355601797,2.612477590695458,0,0
902,0,0.16497139059252405,1.080781526286563,-0.4380899675976202,2.184868549000581,0,1
903,1,0.41248944151848405,1.080781526286563,-0.6300301044803185,0.5966063941338942,1,0
904,0,-0.08254666033343595,-0.5510013711462929,1.4813114012293631,2.673564596651869,0,0
905,1,0.660007492444444,0.5368538938089443,-0.6300301044803185,0.41334537626466106,2,1
906,0,-0.08254666033343595,1.080781526286563,-0.4380899675976202,2.245955554956992,0,0
907,1,0.907525543370404,-0.5510013711462929,-0.6300301044803185,0.5355193881774831,1,1
908,0,-0.08254666033343595,0.5368538938089443,1.4813114012293631,2.73465160260828,0,0
909,0,0.16497139059252405,1.080781526286563,-0.4380899675976202,2.307042560913403,0,1
910,1,0.41248944151848405,1.080781526286563,-0.6300301044803185,0.6576934000903052,1,0
911,0,-0.08254666033343595,-0.5510013711462929,1.5452914468569292,2.795738608564691,0,0
912,1,0.660007492444444,0.5368538938089443,-0.6300301044803185,0.4744323822210721,2,1
913,0,-0.08254666033343595,1.080781526286563,-0.4380899675976202,2.368129566869814,0,0
914,1,0.907525543370404,-0.5510013711462929,-0.6300301044803185,0.5966063941338942,1,1
915,0,-0.08254666033343595,0.5368538938089443,1.5452914468569292,2.856825614521102,0,0
916,0,0.16497139059252405,1.080781526286563,-0.4380899675976202,2.429216572826225,0,1
917,1,0.41248944151848405,1.080781526286563,-0.6300301044803185,0.7187804060467162,1,0
918,0,-0.08254666033343595,-0.5510013711462929,1.6092714924844953,2.917912620477513,0,0
919,1,0.660007492444444,0.5368538938089443,-0.6300301044803185,0.5355193881774831,2,1
920,0,-0.08254666033343595,1.080781526286563,-0.4380899675976202,2.490303578782636,0,0
921,1,0.907525543370404,-0.5510013711462929,-0.6300301044803185,0.6576934000903052,1,1
922,0,-0.08254666033343595,0.5368538938089443,1.6092714924844953,2.9789996264339242,0,0
923,0,0.16497139059252405,1.080781526286563,-0.4380899675976202,2.551390584739047,0,1
924,1,0.41248944151848405,1.080781526286563,-0.6300301044803185,0.7798674120031273,1,0
925,0,-0.08254666033343595,-0.5510013711462929,1.6732515381120614,3.0400866323903353,0,0
926,1,0.660007492444444,0.5368538938089443,-0.6300301044803185,0.5966063941338942,2,1
927,0,-0.08254666033343595,1.080781526286563,-0.4380899675976202,2.612477590695458,0,0
928,1,0.907525543370404,-0.5510013711462929,-0.6300301044803185,0.7187804060467162,1,1
929,0,-0.08254666033343595,0.5368538938089443,1.6732515381120614,3.1011736383467463,0,0
930,0,0.16497139059252405,1.080781526286563,-0.4380899675976202,2.673564596651869,0,1
931,1,0.41248944151848405,1.080781526286563,-0.6300301044803185,0.8409544179595383,1,0
932,0,-0.08254666033343595,-0.5510013711462929,1.7372315837396275,3.1622606443031573,0,0
933,1,0.660007492444444,0.5368538938089443,-0.6300301044803185,0.6576934000903052,2,1
934,0,-0.08254666033343595,1.080781526286563,-0.4380899675976202,2.73465160260828,0,0
935,1,0.907525543370404,-0.5510013711462929,-0.6300301044803185,0.7798674120031273,1,1
936,0,-0.08254666033343595,0.5368538938089443,1.7372315837396275,3.2233476502595684,0,0
937,0,0.16497139059252405,1.080781526286563,-0.4380899675976202,2.795738608564691,0,1
938,1,0.41248944151848405,1.080781526286563,-0.6300301044803185,0.9020414239159493,1,0
939,0,-0.08254666033343595,-0.5510013711462929,1.8012116293671936,3.2844346562159794,0,0
940,1,0.660007492444444,0.5368538938089443,-0.6300301044803185,0.7187804060467162,2,1
941,0,-0.08254666033343595,1.080781526286563,-0.4380899675976202,2.856825614521102,0,1
942,1,0.907525543370404,-0.5510013711462929,-0.6300301044803185,0.8409544179595383,1,1
943,0,-0.08254666033343595,0.5368538938089443,1.8012116293671936,3.3455216621723904,0,0
944,0,0.16497139059252405,1.080781526286563,-0.4380899675976202,2.917912620477513,0,1
945,1,0.41248944151848405,1.080781526286563,-0.6300301044803185,0.9631284298723604,1,0
946,0,-0.08254666033343595,-0.5510013711462929,1.8651916749947597,3.4066086681288015,0,0
947,1,0.660007492444444,0.5368538938089443,-0.6300301044803185,0.7798674120031273,2,1
948,0,-0.08254666033343595,1.080781526286563,-0.4380899675976202,2.9789996264339242,0,0
949,1,0.907525543370404,-0.5510013711462929,-0.6300301044803185,0.9020414239159493,1,1
950,0,-0.08254666033343595,0.5368538938089443,1.8651916749947597,3.4676956740852125,0,0
951,0,0.16497139059252405,1.080781526286563,-0.4380899675976202,3.0400866323903353,0,1
952,1,0.41248944151848405,1.080781526286563,-0.6300301044803185,1.0242154358287714,1,0
953,0,-0.08254666033343595,-0.5510013711462929,1.9291717206223258,3.5287826800416235,0,0
954,1,0.660007492444444,0.5368538938089443,-0.6300301044803185,0.8409544179595383,2,1
955,0,-0.08254666033343595,1.080781526286563,-0.4380899675976202,3.1011736383467463,0,0
956,1,0.907525543370404,-0.5510013711462929,-0.6300301044803185,0.9631284298723604,1,1
957,0,-0.08254666033343595,0.5368538938089443,1.9291717206223258,3.5898696859980346,0,0
958,0,0.16497139059252405,1.080781526286563,-0.4380899675976202,3.1622606443031573,0,1
959,1,0.41248944151848405,1.080781526286563,-0.6300301044803185,1.0853024417851824,1,0
960,0,-0.08254666033343595,-0.5510013711462929,1.9931517662498919,3.6509566919544456,0,0
961,1,0.660007492444444,0.5368538938089443,-0.6300301044803185,0.9020414239159493,2,1
962,0,-0.08254666033343595,1.080781526286563,-0.4380899675976202,3.2233476502595684,0,0
963,1,0.907525543370404,-0.5510013711462929,-0.6300301044803185,1.0242154358287714,1,1
964,0,-0.08254666033343595,0.5368538938089443,1.9931517662498919,3.7120436979108566,0,0
965,1,-0.08254666033343595,1.080781526286563,-0.6300301044803185,-0.19752468329944922,0,0
966,1,0.41248944151848405,1.080781526286563,-0.6300301044803185,-0.1364376773430382,1,1
967,1,0.907525543370404,1.080781526286563,-0.6300301044803185,-0.07535067138662715,3,0
968,1,1.4025616452223242,1.080781526286563,-0.6300301044803185,-0.014263665430216128,1,1
969,1,1.897597747074244,1.080781526286563,-0.6300301044803185,0.0468233405261949,0,0
970,0,-0.08254666033343595,1.080781526286563,-0.5660500588527524,0.10791034648260593,1,1
971,0,0.41248944151848405,1.080781526286563,-0.5020700132251863,0.16899735243901695,0,0
972,0,0.907525543370404,1.080781526286563,-0.4380899675976202,0.23008435839542798,1,1
973,0,1.4025616452223242,1.080781526286563,-0.37410992197005405,0.291171364351839,3,0
974,0,1.897597747074244,1.080781526286563,-0.31012987634248795,0.35225837030825,1,1
975,0,-0.08254666033343595,1.080781526286563,-0.4380899675976202,0.41334537626466106,0,0
976,1,0.41248944151848405,1.080781526286563,-0.5020700132251863,0.4744323822210721,1,1
977,0,0.907525543370404,1.080781526286563,-0.5660500588527524,0.5355193881774831,0,0
978,1,1.4025616452223242,1.080781526286563,-0.6300301044803185,0.5966063941338942,1,1
979,0,1.897597747074244,1.080781526286563,-0.6300301044803185,0.6576934000903052,0,0
980,1,-0.08254666033343595,1.080781526286563,-0.6300301044803185,0.7187804060467162,1,1
981,1,0.41248944151848405,1.080781526286563,-0.6300301044803185,0.7798674120031273,0,0
982,1,0.907525543370404,1.080781526286563,-0.6300301044803185,0.8409544179595383,1,1
983,1,1.4025616452223242,1.080781526286563,-0.6300301044803185,0.9020414239159493,0,0
984,1,1.897597747074244,1.080781526286563,-0.6300301044803185,0.9631284298723604,1,1
985,0,-0.08254666033343595,1.080781526286563,-0.5660500588527524,1.0242154358287714,0,0
986,0,0.41248944151848405,1.080781526286563,-0.5020700132251863,1.0853024417851824,1,1
987,0,0.907525543370404,1.080781526286563,-0.4380899675976202,1.1463894477415935,0,0
988,0,1.4025616452223242,1.080781526286563,-0.37410992197005405,1.2074764536980045,1,1
989,0,1.897597747074244,1.080781526286563,-0.31012987634248795,1.2685634596544155,0,0
990,1,-0.08254666033343595,1.080781526286563,-0.5660500588527524,1.3296504656108266,1,1
991,0,0.41248944151848405,1.080781526286563,-0.5020700132251863,1.3907374715672376,0,0
992,1,0.907525543370404,1.080781526286563,-0.4380899675976202,1.4518244775236486,1,1
993,0,1.4025616452223242,1.080781526286563,-0.37410992197005405,1.5129114834800597,0,0
994,0,1.897597747074244,1.080781526286563,-0.31012987634248795,1.5739984894364707,1,1
995,1,-0.08254666033343595,1.080781526286563,-0.6300301044803185,1.6350854953928817,0,0
996,1,0.41248944151848405,1.080781526286563,-0.6300301044803185,1.6961725013492928,1,1
997,1,0.907525543370404,1.080781526286563,-0.6300301044803185,1.7572595073057038,0,0
998,1,1.4025616452223242,1.080781526286563,-0.6300301044803185,1.8183465132621148,1,1
999,1,1.897597747074244,1.080781526286563,-0.6300301044803185,1.8794335192185259,0,0
1000,0,-0.08254666033343595,1.080781526286563,-0.5660500588527524,1.940520525174937,1,1
1001,0,0.41248944151848405,1.080781526286563,-0.5020700132251863,2.0016075311313477,0,0
1002,0,0.907525543370404,1.080781526286563,-0.4380899675976202,2.0626945370877587,1,1
1003,0,1.4025616452223242,1.080781526286563,-0.37410992197005405,2.1237815430441698,0,0
1004,0,1.897597747074244,1.080781526286563,-0.31012987634248795,2.184868549000581,1,1
1005,0,-0.08254666033343595,1.080781526286563,-0.5020700132251863,2.245955554956992,0,0
1006,1,0.41248944151848405,1.080781526286563,-0.5660500588527524,2.307042560913403,1,1
1007,0,0.907525543370404,1.080781526286563,-0.6300301044803185,2.368129566869814,0,0
1008,1,1.4025616452223242,1.080781526286563,-0.6300301044803185,2.429216572826225,1,1
1009,0,1.897597747074244,1.080781526286563,-0.6300301044803185,2.490303578782636,0,0
1010,1,-0.08254666033343595,1.080781526286563,-0.6300301044803185,2.551390584739047,1,1
1011,1,0.41248944151848405,1.080781526286563,-0.6300301044803185,2.612477590695458,0,0
1012,1,0.907525543370404,1.080781526286563,-0.6300301044803185,2.673564596651869,1,1
1013,1,1.4025616452223242,1.080781526286563,-0.6300301044803185,2.73465160260828,0,0
1014,1,1.897597747074244,1.080781526286563,-0.6300301044803185,2.795738608564691,1,1
